Name,Token,URL,socialNetworks,socialNetworksCount
Immutable,IMX,https://coinmarketcap.com/currencies/immutable-x/,"ğ•, Twitter, Reddit, Discord",4
FLOKI,FLOKI,https://coinmarketcap.com/currencies/floki-inu/,"ğ•, Twitter, Reddit, Facebook, Discord, Telegram",6
Beam,BEAM,https://coinmarketcap.com/currencies/onbeam/,"ğ•, Twitter, Discord, Telegram",4
Notcoin,NOT,https://coinmarketcap.com/currencies/notcoin/,"ğ•, Twitter, Telegram",3
MultiversX,EGLD,https://coinmarketcap.com/currencies/multiversx-egld/,"ğ•, Twitter, Facebook, Telegram",4
Axie Infinity,AXS,https://coinmarketcap.com/currencies/axie-infinity/,"ğ•, Twitter, Reddit, Discord, Telegram",5
Gala,GALA,https://coinmarketcap.com/currencies/gala/,"ğ•, Twitter, Reddit, Facebook, Telegram, Chat",6
The Sandbox,SAND,https://coinmarketcap.com/currencies/the-sandbox/,"ğ•, Twitter, Discord, Telegram",4
Ronin,RON,https://coinmarketcap.com/currencies/ronin/,"ğ•, Twitter, Discord",3
Decentraland,MANA,https://coinmarketcap.com/currencies/decentraland/,"ğ•, Twitter, Reddit, Telegram, Chat",5
ApeCoin,APE,https://coinmarketcap.com/currencies/apecoin-ape/,"ğ•, Twitter, Chat",3
SuperVerse,SUPER,https://coinmarketcap.com/currencies/superfarm/,"ğ•, Twitter, Telegram",3
BinaryX,BNX,https://coinmarketcap.com/currencies/binaryx-new/,"ğ•, Twitter, Telegram",3
Echelon Prime,PRIME,https://coinmarketcap.com/currencies/echelon-prime/,"ğ•, Twitter, Discord",3
GMT,GMT,https://coinmarketcap.com/currencies/green-metaverse-token/,"ğ•, Twitter",2
WEMIX,WEMIX,https://coinmarketcap.com/currencies/wemix/,"ğ•, Twitter, Facebook, Telegram",4
Baby Doge Coin,BabyDoge,https://coinmarketcap.com/currencies/baby-doge-coin/,"ğ•, Twitter, Facebook, Discord, Telegram",5
Enjin Coin,ENJ,https://coinmarketcap.com/currencies/enjin-coin/,"ğ•, Twitter, Reddit, Facebook, Discord, Telegram",6
Catizen,CATI,https://coinmarketcap.com/currencies/catizen/,"ğ•, Twitter, Telegram",3
Saga,SAGA,https://coinmarketcap.com/currencies/saga/,"ğ•, Twitter, Discord",3
SKALE,SKL,https://coinmarketcap.com/currencies/skale-network/,"ğ•, Twitter, Reddit, Telegram, Chat",5
Illuvium,ILV,https://coinmarketcap.com/currencies/illuvium/,"ğ•, Twitter, Discord, Telegram",4
Kadena,KDA,https://coinmarketcap.com/currencies/kadena/,"ğ•, Twitter, Reddit, Discord, Telegram, Chat",6
Chromia,CHR,https://coinmarketcap.com/currencies/chromia/,"ğ•, Twitter, Reddit, Telegram",4
Yield Guild Games,YGG,https://coinmarketcap.com/currencies/yield-guild-games/,"ğ•, Twitter, Facebook, Discord",4
Gomining,Gomining,https://coinmarketcap.com/currencies/gomining-token/,"ğ•, Twitter, Facebook, Discord, Telegram",5
Pixels,PIXEL,https://coinmarketcap.com/currencies/pixels/,"ğ•, Twitter, Discord",3
Big Time,BIGTIME,https://coinmarketcap.com/currencies/big-time/,"ğ•, Twitter, Reddit, Discord, Chat",5
Xai,XAI,https://coinmarketcap.com/currencies/xai-games/,"ğ•, Twitter, Discord, Telegram",4
Matr1x Fire,FIRE,https://coinmarketcap.com/currencies/matr1x-fire/,"ğ•, Twitter, Discord, Chat",4
WAX,WAXP,https://coinmarketcap.com/currencies/wax/,"ğ•, Twitter, Reddit, Telegram, Chat",5
Nakamoto Games,NAKA,https://coinmarketcap.com/currencies/nakamoto-games/,"ğ•, Twitter, Telegram",3
Vulcan Forged (PYR),PYR,https://coinmarketcap.com/currencies/vulcan-forged-pyr/,"ğ•, Twitter, Reddit, Telegram",4
Zentry,ZENT,https://coinmarketcap.com/currencies/zentry/,"ğ•, Twitter, Discord",3
Oasys,OAS,https://coinmarketcap.com/currencies/oasys/,"ğ•, Twitter, Discord",3
Mines of Dalarnia,DAR,https://coinmarketcap.com/currencies/mines-of-dalarnia/,"ğ•, Twitter, Discord, Telegram",4
Treasure,MAGIC,https://coinmarketcap.com/currencies/magic-token/,"ğ•, Twitter, Discord",3
Fusionist,ACE,https://coinmarketcap.com/currencies/fusionist/,"ğ•, Twitter",2
BORA,BORA,https://coinmarketcap.com/currencies/bora/,"ğ•, Twitter, Telegram",3
Portal,PORTAL,https://coinmarketcap.com/currencies/portal-gaming/,"ğ•, Twitter",2
Hooked Protocol,HOOK,https://coinmarketcap.com/currencies/hooked-protocol/,"ğ•, Twitter, Telegram",3
Seedify.fund,SFUND,https://coinmarketcap.com/currencies/seedify-fund/,"ğ•, Twitter, Reddit, Telegram",4
Reef,REEF,https://coinmarketcap.com/currencies/reef/,"ğ•, Twitter, Reddit, Discord, Telegram",5
CUDOS,CUDOS,https://coinmarketcap.com/currencies/cudos/,"ğ•, Twitter, Reddit, Facebook, Telegram",5
BakeryToken,BAKE,https://coinmarketcap.com/currencies/bakerytoken/,"ğ•, Twitter, Telegram",3
RACA,RACA,https://coinmarketcap.com/currencies/radio-caca/,"ğ•, Twitter, Reddit, Discord, Telegram",5
MyNeighborAlice,ALICE,https://coinmarketcap.com/currencies/myneighboralice/,"ğ•, Twitter, Reddit, Discord, Telegram",5
XPLA,XPLA,https://coinmarketcap.com/currencies/xpla/,"ğ•, Twitter, Telegram, Chat",4
Hashflow,HFT,https://coinmarketcap.com/currencies/hashflow/,"ğ•, Twitter, Reddit, Discord, Telegram",5
Myria,MYRIA,https://coinmarketcap.com/currencies/myria/,"ğ•, Twitter, Discord",3
Wilder World,WILD,https://coinmarketcap.com/currencies/wilder-world/,"ğ•, Twitter",2
Gods Unchained,GODS,https://coinmarketcap.com/currencies/gods-unchained/,"ğ•, Twitter, Reddit, Discord, Chat",5
KARRAT,KARRAT,https://coinmarketcap.com/currencies/karrat/,"ğ•, Twitter, Chat",3
Undeads Games,UDS,https://coinmarketcap.com/currencies/undeads-games/,"ğ•, Twitter, Reddit, Discord, Telegram",5
MOBOX,MBOX,https://coinmarketcap.com/currencies/mobox/,"ğ•, Twitter, Reddit, Facebook, Discord, Telegram",6
Games for a Living,GFAL,https://coinmarketcap.com/currencies/games-for-a-living/,"ğ•, Twitter, Discord, Telegram",4
GamerCoin,GHX,https://coinmarketcap.com/currencies/gamercoin/,"ğ•, Twitter, Discord, Telegram",4
Aavegotchi,GHST,https://coinmarketcap.com/currencies/aavegotchi/,"ğ•, Twitter, Reddit, Discord, Telegram",5
MARBLEX,MBX,https://coinmarketcap.com/currencies/marblex/,"ğ•, Twitter, Facebook, Discord, Telegram, Chat",6
Heroes of Mavia,MAVIA,https://coinmarketcap.com/currencies/heroes-of-mavia/,"ğ•, Twitter, Discord, Telegram",4
Alien Worlds,TLM,https://coinmarketcap.com/currencies/alien-worlds/,"ğ•, Twitter, Telegram, Chat",4
Sweat Economy,SWEAT,https://coinmarketcap.com/currencies/sweat-economy/,"ğ•, Twitter, Reddit, Discord, Telegram",5
Ethernity Chain,ERN,https://coinmarketcap.com/currencies/ethernity-chain/,"ğ•, Twitter, Reddit, Facebook, Discord, Telegram",6
League of Kingdoms Arena,LOKA,https://coinmarketcap.com/currencies/league-of-kingdoms/,"ğ•, Twitter, Facebook, Discord, Telegram",5
Star Atlas DAO,POLIS,https://coinmarketcap.com/currencies/star-atlas-polis/,"ğ•, Twitter, Reddit, Facebook, Discord, Telegram",6
Pirate Nation,PIRATE,https://coinmarketcap.com/currencies/pirate-nation/,"ğ•, Twitter, Discord",3
Star Atlas,ATLAS,https://coinmarketcap.com/currencies/star-atlas/,"ğ•, Twitter, Reddit, Facebook, Discord, Telegram",6
Ultiverse,ULTI,https://coinmarketcap.com/currencies/ultiverse/,"ğ•, Twitter, Discord",3
Matr1x,MAX,https://coinmarketcap.com/currencies/matr1x/,"ğ•, Twitter, Discord, Telegram",4
SIDUS,SIDUS,https://coinmarketcap.com/currencies/sidus/,"ğ•, Twitter, Reddit, Facebook, Telegram",5
FUNToken,FUN,https://coinmarketcap.com/currencies/funtoken/,"ğ•, Twitter, Reddit, Discord, Telegram, Chat",6
Verasity,VRA,https://coinmarketcap.com/currencies/verasity/,"ğ•, Twitter, Reddit, Discord, Telegram",5
Biswap,BSW,https://coinmarketcap.com/currencies/biswap/,"ğ•, Twitter, Telegram",3
GameFi.org,GAFI,https://coinmarketcap.com/currencies/gamefi/,"ğ•, Twitter, Facebook, Telegram",4
Ultra,UOS,https://coinmarketcap.com/currencies/ultra/,"ğ•, Twitter, Discord, Telegram",4
VIDT DAO,VIDT,https://coinmarketcap.com/currencies/vidt-dao/,"ğ•, Twitter, Reddit, Telegram",4
Victoria VR,VR,https://coinmarketcap.com/currencies/victoria-vr/,"ğ•, Twitter, Facebook, Discord, Telegram",5
Voxies,VOXEL,https://coinmarketcap.com/currencies/voxies/,"ğ•, Twitter, Reddit, Discord, Chat",5
COMBO,COMBO,https://coinmarketcap.com/currencies/combo-network/,"ğ•, Twitter, Discord, Telegram",4
PlayDapp,PDA,https://coinmarketcap.com/currencies/playdapp/,"ğ•, Twitter, Discord, Telegram",4
Zukiverse,ZUKI,https://coinmarketcap.com/currencies/zuki-moba/,"ğ•, Twitter, Facebook, Telegram, Chat",5
Moon Tropica,CAH,https://coinmarketcap.com/currencies/moon-tropica/,"ğ•, Twitter, Telegram",3
DEAPcoin,DEP,https://coinmarketcap.com/currencies/deapcoin/,"ğ•, Twitter, Facebook, Telegram",4
BurgerCities,BURGER,https://coinmarketcap.com/currencies/burger-cities/,"ğ•, Twitter, Discord, Telegram",4
GameStop,GME,https://coinmarketcap.com/currencies/gme/,"ğ•, Twitter, Reddit, Telegram",4
Guild of Guardians,GOG,https://coinmarketcap.com/currencies/guild-of-guardians/,"ğ•, Twitter, Discord",3
ZTX,ZTX,https://coinmarketcap.com/currencies/ztx/,"ğ•, Twitter, Discord, Telegram",4
Cornucopias,COPI,https://coinmarketcap.com/currencies/cornucopias/,"ğ•, Twitter, Reddit, Facebook, Discord",5
The Root Network,ROOT,https://coinmarketcap.com/currencies/the-root-network/,"ğ•, Twitter, Chat",3
MON Protocol,MON,https://coinmarketcap.com/currencies/mon/,"ğ•, Twitter, Discord",3
Cere Network,CERE,https://coinmarketcap.com/currencies/cere-network/,"ğ•, Twitter, Reddit, Facebook, Telegram",5
WAGMI Games,WAGMIGAMES,https://coinmarketcap.com/currencies/wagmi-game-2/,"ğ•, Twitter, Reddit, Facebook, Telegram, Chat",6
DeFi Kingdoms,JEWEL,https://coinmarketcap.com/currencies/defi-kingdoms/,"ğ•, Twitter, Reddit, Discord, Telegram",5
Creo Engine,CREO,https://coinmarketcap.com/currencies/creo-engine/,"ğ•, Twitter, Facebook, Telegram",4
Aurory,AURY,https://coinmarketcap.com/currencies/aurory/,"ğ•, Twitter, Facebook, Discord, Telegram",5
Altura,ALU,https://coinmarketcap.com/currencies/altura/,"ğ•, Twitter, Discord, Telegram",4
HELLO Labs,HELLO,https://coinmarketcap.com/currencies/hello-labs/,"ğ•, Twitter, Discord, Telegram",4
zkRace,ZERC,https://coinmarketcap.com/currencies/derace/,"ğ•, Twitter, Discord, Telegram",4
BADMAD ROBOTS,METAL,https://coinmarketcap.com/currencies/drunk-robots/,"ğ•, Twitter, Discord, Telegram",4
GAMEE,GMEE,https://coinmarketcap.com/currencies/gamee/,"ğ•, Twitter, Discord, Telegram",4
Volt Inu,VOLT,https://coinmarketcap.com/currencies/volt-inu-v2/,"ğ•, Twitter, Reddit, Facebook, Discord, Telegram",6
Gaimin,GMRX,https://coinmarketcap.com/currencies/gaimin/,"ğ•, Twitter, Discord, Telegram, Chat",5
Apeiron,APRS,https://coinmarketcap.com/currencies/apeiron/,"ğ•, Twitter, Discord",3
Devve,DEVVE,https://coinmarketcap.com/currencies/devve/,"ğ•, Twitter, Reddit, Telegram, Chat",5
Katana Inu,KATA,https://coinmarketcap.com/currencies/katana-inu/,"ğ•, Twitter, Reddit, Telegram",4
Ben the Dog,BENDOG,https://coinmarketcap.com/currencies/ben-the-dog/,"ğ•, Twitter, Telegram",3
QORPO WORLD,QORPO,https://coinmarketcap.com/currencies/qorpo/,"ğ•, Twitter, Discord, Telegram",4
BreederDAO,BREED,https://coinmarketcap.com/currencies/breederdao/,"ğ•, Twitter, Telegram",3
Dvision Network,DVI,https://coinmarketcap.com/currencies/dvision-network/,"ğ•, Twitter, Telegram",3
CateCoin,CATE,https://coinmarketcap.com/currencies/catecoin/,"ğ•, Twitter, Reddit, Facebook, Telegram",5
GameGPT,DUEL,https://coinmarketcap.com/currencies/duel/,"ğ•, Twitter, Discord, Telegram",4
Splintershards,SPS,https://coinmarketcap.com/currencies/splintershards/,"ğ•, Twitter, Reddit, Telegram, Chat",5
UFO Gaming,UFO,https://coinmarketcap.com/currencies/ufo-gaming/,"ğ•, Twitter, Facebook, Discord, Telegram",5
Rake Coin,RAKE,https://coinmarketcap.com/currencies/rake-coin/,"ğ•, Twitter, Telegram",3
Pomerium,PMG,https://coinmarketcap.com/currencies/pomerium-ecosystem-token/,"ğ•, Twitter, Discord, Telegram",4
Octokn,OTK,https://coinmarketcap.com/currencies/octo-gaming/,"ğ•, Twitter, Discord",3
UNKJD,MBS,https://coinmarketcap.com/currencies/unkjd/,"ğ•, Twitter, Facebook, Discord, Telegram, Chat",6
NFT Worlds,WRLD,https://coinmarketcap.com/currencies/nft-worlds/,"ğ•, Twitter, Discord",3
Bag.win,BAG,https://coinmarketcap.com/currencies/bag-coin/,"ğ•, Twitter, Discord",3
Cross The Ages,CTA,https://coinmarketcap.com/currencies/cross-the-ages/,"ğ•, Twitter, Discord, Chat",4
Saito,SAITO,https://coinmarketcap.com/currencies/saito/,"ğ•, Twitter, Discord, Telegram",4
Shrapnel,SHRAP,https://coinmarketcap.com/currencies/shrapnel-com/,"ğ•, Twitter, Discord",3
Step App,FITFI,https://coinmarketcap.com/currencies/step-app/,"ğ•, Twitter, Reddit, Facebook, Discord, Telegram",6
Metacade,MCADE,https://coinmarketcap.com/currencies/metacade/,"ğ•, Twitter, Reddit, Facebook, Discord, Telegram",6
Adshares,ADS,https://coinmarketcap.com/currencies/adshares/,"ğ•, Twitter, Reddit, Discord, Telegram",5
GAM3S.GG,G3,https://coinmarketcap.com/currencies/gam3s-gg/,"ğ•, Twitter, Discord, Telegram, Chat",5
Efinity Token,EFI,https://coinmarketcap.com/currencies/efinity/,"ğ•, Twitter, Reddit, Facebook, Discord, Telegram",6
KOMPETE,KOMPETE,https://coinmarketcap.com/currencies/kompete/,"ğ•, Twitter, Telegram",3
YooShi,YOOSHI,https://coinmarketcap.com/currencies/yooshi/,"ğ•, Twitter",2
YooShi,YOOSHI,https://coinmarketcap.com/currencies/yooshi/,"ğ•, Twitter",2
Genopets,GENE,https://coinmarketcap.com/currencies/genopets/,"ğ•, Twitter, Facebook, Discord, Telegram",5
Phantasma,SOUL,https://coinmarketcap.com/currencies/phantasma/,"ğ•, Twitter, Reddit, Telegram",4
PLAYA3ULL GAMES,3ULL,https://coinmarketcap.com/currencies/playa3ull/,"ğ•, Twitter, Discord",3
PlayZap,PZP,https://coinmarketcap.com/currencies/playzap/,"ğ•, Twitter, Discord, Telegram",4
BLOCKLORDS,LRDS,https://coinmarketcap.com/currencies/blocklords/,"ğ•, Twitter, Discord, Telegram",4
Pikamoon,PIKA,https://coinmarketcap.com/currencies/pikamoon-pika/,"ğ•, Twitter, Reddit, Discord, Telegram",5
GameZone,GZONE,https://coinmarketcap.com/currencies/gamezone/,"ğ•, Twitter, Telegram",3
EPIK Prime,EPIK,https://coinmarketcap.com/currencies/epik-prime/,"ğ•, Twitter, Reddit, Telegram",4
Farcana,FAR,https://coinmarketcap.com/currencies/farcana/,"ğ•, Twitter, Discord, Telegram",4
Crypton,CRP,https://coinmarketcap.com/currencies/utopia/,"[<selenium.webdriver.remote.webelement.WebElement (session=""2885d851b56932db296615eb7deb2795"", element=""f.45794F993204CA4B28C664F8595A4B7B.d.1D3DCCE69A630CFE4CD35B0735D8821C.e.10813"")>, <selenium.webdriver.remote.webelement.WebElement (session=""2885d851b56932db296615eb7deb2795"", element=""f.45794F993204CA4B28C664F8595A4B7B.d.1D3DCCE69A630CFE4CD35B0735D8821C.e.10814"")>, <selenium.webdriver.remote.webelement.WebElement (session=""2885d851b56932db296615eb7deb2795"", element=""f.45794F993204CA4B28C664F8595A4B7B.d.1D3DCCE69A630CFE4CD35B0735D8821C.e.10815"")>]",4
BloodLoop,BLS,https://coinmarketcap.com/currencies/bloodloop/,"ğ•, Twitter, Discord, Telegram",4
Netvrk,NETVR,https://coinmarketcap.com/currencies/netvrk/,"ğ•, Twitter, Discord, Telegram",4
SENATE,SENATE,https://coinmarketcap.com/currencies/senate/,"ğ•, Twitter, Reddit, Facebook, Telegram",5
MetaTrace,TRC,https://coinmarketcap.com/currencies/metatrace/,"ğ•, Twitter, Discord, Telegram",4
GameSwift,GSWIFT,https://coinmarketcap.com/currencies/gameswift/,"ğ•, Twitter, Discord, Telegram",4
Astrafer,ASTRAFER,https://coinmarketcap.com/currencies/astrafer/,"ğ•, Twitter, Discord, Telegram",4
Akita Inu,AKITA,https://coinmarketcap.com/currencies/akita-inu/,"ğ•, Twitter, Telegram",3
REVV,REVV,https://coinmarketcap.com/currencies/revv/,"ğ•, Twitter, Reddit, Discord, Telegram",5
Catboy,CATBOY,https://coinmarketcap.com/currencies/cat-boy/,"ğ•, Twitter, Discord, Telegram",4
Smart Layer Network,SLN,https://coinmarketcap.com/currencies/smart-layer-network/,"ğ•, Twitter",2
Decimated,DIO,https://coinmarketcap.com/currencies/decimated/,"ğ•, Twitter, Reddit, Telegram, Chat",5
Hoge Finance,HOGE,https://coinmarketcap.com/currencies/hoge-finance/,"ğ•, Twitter, Reddit, Facebook, Telegram",5
MagicCraft,MCRT,https://coinmarketcap.com/currencies/magiccraft/,"ğ•, Twitter, Reddit, Facebook, Discord, Telegram",6
ISKRA Token,ISK,https://coinmarketcap.com/currencies/iskra/,"ğ•, Twitter, Telegram, Chat",4
PLANET,PLANET,https://coinmarketcap.com/currencies/planettoken/,"ğ•, Twitter, Telegram",3
BlockGames,BLOCK,https://coinmarketcap.com/currencies/blockgames/,"ğ•, Twitter, Discord",3
Medieval Empires,MEE,https://coinmarketcap.com/currencies/medieval-empires/,"ğ•, Twitter, Facebook, Discord, Telegram",5
BRN Metaverse,BRN,https://coinmarketcap.com/currencies/brn-metaverse/,"ğ•, Twitter, Discord, Telegram",4
Gameswap,GSWAP,https://coinmarketcap.com/currencies/gameswap/,"ğ•, Twitter, Telegram, Chat",4
DeFi Land,DFL,https://coinmarketcap.com/currencies/defi-land/,"ğ•, Twitter, Discord, Telegram",4
YOM,YOM,https://coinmarketcap.com/currencies/your-open-metaverse/,"ğ•, Twitter, Discord, Telegram",4
Dark Frontiers,DARK,https://coinmarketcap.com/currencies/dark-frontiers/,"ğ•, Twitter, Telegram",3
holoride,RIDE,https://coinmarketcap.com/currencies/holoride/,"ğ•, Twitter, Facebook, Discord, Telegram",5
Orbofi AI,OBI,https://coinmarketcap.com/currencies/orbofi-ai/,"ğ•, Twitter, Reddit, Discord, Telegram",5
Decentral Games,DG,https://coinmarketcap.com/currencies/decentral-games/,"ğ•, Twitter, Facebook, Chat",4
TOWER,TOWER,https://coinmarketcap.com/currencies/tower-token/,"ğ•, Twitter, Discord, Chat",4
Reboot,GG,https://coinmarketcap.com/currencies/reboot/,"ğ•, Twitter, Discord",3
Wownero,WOW,https://coinmarketcap.com/currencies/wownero/,"ğ•, Twitter, Reddit, Discord, Telegram",5
Morra,MORRA,https://coinmarketcap.com/currencies/morra/,"ğ•, Twitter, Discord, Telegram, Chat",5
Dypius [New],DYP,https://coinmarketcap.com/currencies/defi-yield-protocol-v2/,"ğ•, Twitter, Facebook, Discord, Telegram",5
Sinverse,SIN,https://coinmarketcap.com/currencies/sincity-token/,"ğ•, Twitter, Discord, Telegram",4
Bubble,BUBBLE,https://coinmarketcap.com/currencies/bubble-imaginaryones/,"ğ•, Twitter, Discord",3
Exeedme,XED,https://coinmarketcap.com/currencies/exeedme/,"ğ•, Twitter, Telegram",3
DeHub,DHB,https://coinmarketcap.com/currencies/dehub/,"ğ•, Twitter, Telegram",3
Affyn,FYN,https://coinmarketcap.com/currencies/affyn/,"ğ•, Twitter, Facebook, Discord, Telegram",5
Unfettered Ecosystem,SOULS,https://coinmarketcap.com/currencies/the-unfettered/,"ğ•, Twitter, Reddit, Facebook, Discord, Telegram",6
Aether Games,AEG,https://coinmarketcap.com/currencies/aethergames/,"ğ•, Twitter, Facebook, Discord, Telegram",5
Wombat Web 3 Gaming Platform,WOMBAT,https://coinmarketcap.com/currencies/wombat-web-3-gaming-platform/,"ğ•, Twitter, Discord",3
Gamestarter,GAME,https://coinmarketcap.com/currencies/gamestarter/,"ğ•, Twitter, Telegram",3
Xaya,CHI,https://coinmarketcap.com/currencies/xaya/,"ğ•, Twitter, Discord, Telegram",4
Vidya,VIDYA,https://coinmarketcap.com/currencies/vidya/,"ğ•, Twitter, Discord, Telegram",4
BabySwap,BABY,https://coinmarketcap.com/currencies/babyswap/,"ğ•, Twitter, Telegram",3
ZooKeeper,ZOO,https://coinmarketcap.com/currencies/zookeeper/,"ğ•, Twitter, Reddit, Facebook, Telegram",5
Reality Metaverse,RMV,https://coinmarketcap.com/currencies/reality-metaverse/,"ğ•, Twitter, Discord, Telegram",4
Blink Galaxy,GQ,https://coinmarketcap.com/currencies/outer-ring-mmo-gq/,"ğ•, Twitter, Discord, Telegram",4
My DeFi Pet,DPET,https://coinmarketcap.com/currencies/my-defi-pet/,"ğ•, Twitter, Telegram",3
DOGAMÃƒÂ,DOGA,https://coinmarketcap.com/currencies/dogami/,"ğ•, Twitter, Discord",3
LandRocker,LRT,https://coinmarketcap.com/currencies/landrocker/,"ğ•, Twitter, Discord, Telegram",4
MetalCore,MCG,https://coinmarketcap.com/currencies/metalcore/,"ğ•, Twitter, Discord",3
DinoLFG,DINO,https://coinmarketcap.com/currencies/dinolfg/,"ğ•, Twitter, Reddit, Discord, Telegram",5
Thetan World,THG,https://coinmarketcap.com/currencies/thetan-arena/,"ğ•, Twitter, Facebook, Telegram",4
MARS4,MARS4,https://coinmarketcap.com/currencies/mars4/,"ğ•, Twitter, Reddit, Discord",4
Cryowar,CWAR,https://coinmarketcap.com/currencies/cryowar/,"ğ•, Twitter, Reddit, Facebook, Discord, Telegram",6
Dotmoovs,MOOV,https://coinmarketcap.com/currencies/dotmoovs/,"ğ•, Twitter, Reddit, Facebook, Discord, Telegram",6
Battle World,BWO,https://coinmarketcap.com/currencies/battle-world/,"ğ•, Twitter, Discord, Telegram",4
X World Games,XWG,https://coinmarketcap.com/currencies/x-world-games/,"ğ•, Twitter, Discord, Telegram",4
WAM,WAM,https://coinmarketcap.com/currencies/wam-app/,"ğ•, Twitter, Facebook, Discord, Telegram",5
Decentrawood,DEOD,https://coinmarketcap.com/currencies/decentrawood/,"ğ•, Twitter, Telegram",3
Monsta Infinite,MONI,https://coinmarketcap.com/currencies/monsta-infinite/,"ğ•, Twitter, Discord, Telegram",4
Rebel Bots,RBLS,https://coinmarketcap.com/currencies/rebel-bots/,"ğ•, Twitter, Discord, Telegram",4
Revomon,REVO,https://coinmarketcap.com/currencies/revomon/,"ğ•, Twitter, Reddit, Facebook, Telegram",5
Seascape Crowns,CWS,https://coinmarketcap.com/currencies/crowns/,"ğ•, Twitter, Reddit, Discord, Telegram",5
Crypto Unicorns,CU,https://coinmarketcap.com/currencies/crypto-unicorns/,"ğ•, Twitter, Discord, Telegram",4
Niftyx Protocol,SHROOM,https://coinmarketcap.com/currencies/niftyx-protocol/,"ğ•, Twitter, Discord, Telegram",4
FEAR,FEAR,https://coinmarketcap.com/currencies/fear-nfts/,"ğ•, Twitter, Discord, Telegram",4
Veloce,VEXT,https://coinmarketcap.com/currencies/veloce-vext/,"ğ•, Twitter, Telegram",3
VisionGame,VISION,https://coinmarketcap.com/currencies/vision-game/,"ğ•, Twitter, Telegram",3
Wall Street Games,WSG,https://coinmarketcap.com/currencies/wall-street-games-new/,"ğ•, Twitter, Telegram",3
ChainGuardians,CGG,https://coinmarketcap.com/currencies/chain-guardians/,"ğ•, Twitter, Reddit, Facebook",4
Wall Street Games (old),WSG,https://coinmarketcap.com/currencies/wall-street-games/,"ğ•, Twitter, Telegram",3
Fabwelt,WELT,https://coinmarketcap.com/currencies/fabwelt/,"ğ•, Twitter, Reddit, Discord, Telegram",5
Heroes Chained,HEC,https://coinmarketcap.com/currencies/heroes-chained/,"ğ•, Twitter, Reddit, Discord, Telegram",5
SafeMoon Inu,SMI,https://coinmarketcap.com/currencies/safemoon-inu/,"ğ•, Twitter, Reddit, Facebook, Discord, Telegram",6
NFTb,NFTB,https://coinmarketcap.com/currencies/nftb/,"ğ•, Twitter, Reddit, Discord, Telegram",5
GuildFi,GF,https://coinmarketcap.com/currencies/guildfi/,"ğ•, Twitter, Facebook, Discord, Telegram",5
Rainbow Token,RBW,https://coinmarketcap.com/currencies/rainbowtoken/,"[<selenium.webdriver.remote.webelement.WebElement (session=""2885d851b56932db296615eb7deb2795"", element=""f.45794F993204CA4B28C664F8595A4B7B.d.F0C9A96C98B213555C352C67FF1ED92B.e.13929"")>, <selenium.webdriver.remote.webelement.WebElement (session=""2885d851b56932db296615eb7deb2795"", element=""f.45794F993204CA4B28C664F8595A4B7B.d.F0C9A96C98B213555C352C67FF1ED92B.e.13930"")>, <selenium.webdriver.remote.webelement.WebElement (session=""2885d851b56932db296615eb7deb2795"", element=""f.45794F993204CA4B28C664F8595A4B7B.d.F0C9A96C98B213555C352C67FF1ED92B.e.13931"")>, <selenium.webdriver.remote.webelement.WebElement (session=""2885d851b56932db296615eb7deb2795"", element=""f.45794F993204CA4B28C664F8595A4B7B.d.F0C9A96C98B213555C352C67FF1ED92B.e.13932"")>]",5
Exverse,EXVG,https://coinmarketcap.com/currencies/exverse/,"ğ•, Twitter, Discord, Telegram",4
XCarnival,XCV,https://coinmarketcap.com/currencies/xcarnival/,"ğ•, Twitter, Discord, Telegram",4
Sekuya Multiverse,SKYA,https://coinmarketcap.com/currencies/sekuya-multiverse/,"ğ•, Twitter, Telegram",3
Meme Alliance,MMA,https://coinmarketcap.com/currencies/meme-alliance/,"ğ•, Twitter, Discord, Telegram",4
Planet Mojo,MOJO,https://coinmarketcap.com/currencies/planet-mojo/,"ğ•, Twitter, Discord, Telegram",4
Binamon,BMON,https://coinmarketcap.com/currencies/binamon/,"ğ•, Twitter, Telegram",3
Captain Tsubasa,TSUGT,https://coinmarketcap.com/currencies/captain-tsubasa/,"ğ•, Twitter, Discord, Telegram",4
Unix Gaming,UNIX,https://coinmarketcap.com/currencies/unix-gaming/,"ğ•, Twitter, Discord",3
OneRare Foodverse,ORARE,https://coinmarketcap.com/currencies/onerare/,"ğ•, Twitter, Reddit, Facebook, Discord, Telegram",6
Icon.X World,ICNX,https://coinmarketcap.com/currencies/icon-x-world/,"ğ•, Twitter, Telegram",3
Arcade,ARC,https://coinmarketcap.com/currencies/arcade-2-earn/,"ğ•, Twitter, Discord, Telegram",4
Castle of Blackwater,COBE,https://coinmarketcap.com/currencies/castle-of-blackwater/,"ğ•, Twitter, Discord",3
Kingdomverse,KING,https://coinmarketcap.com/currencies/kingdomverse/,"ğ•, Twitter, Discord, Telegram",4
Blockchain Monster Hunt,BCMC,https://coinmarketcap.com/currencies/blockchain-monster-hunt/,"ğ•, Twitter, Facebook, Discord, Telegram",5
Blockchain Monster Hunt,BCMC,https://coinmarketcap.com/currencies/blockchain-monster-hunt/,"ğ•, Twitter, Facebook, Discord, Telegram",5
Elemon,ELMON,https://coinmarketcap.com/currencies/elemon/,"ğ•, Twitter, Telegram",3
Eldarune,ELDA,https://coinmarketcap.com/currencies/eldarune/,"ğ•, Twitter, Discord, Telegram",4
STARSHIP,STARSHIP,https://coinmarketcap.com/currencies/starship/,"ğ•, Twitter, Reddit, Facebook, Discord, Telegram",6
Dreams Quest,DREAMS,https://coinmarketcap.com/currencies/dreams-quest/,"ğ•, Twitter, Reddit, Discord, Telegram",5
Protocol Monsters,PMON,https://coinmarketcap.com/currencies/polkamon/,"ğ•, Twitter",2
Revolve Games,RPG,https://coinmarketcap.com/currencies/revolve-games/,"ğ•, Twitter, Discord, Telegram",4
Token IN,TIN,https://coinmarketcap.com/currencies/token-in/,"ğ•, Twitter, Discord, Telegram",4
Kaby Arena,KABY,https://coinmarketcap.com/currencies/kaby-arena/,"ğ•, Twitter, Telegram",3
Mars Battle,SHOOT,https://coinmarketcap.com/currencies/mars-battle/,"ğ•, Twitter, Discord, Telegram",4
Legends of Elysium,LOE,https://coinmarketcap.com/currencies/legends-of-elysium/,"ğ•, Twitter, Facebook, Discord, Telegram",5
Playermon,PYM,https://coinmarketcap.com/currencies/playermon/,"ğ•, Twitter, Reddit, Facebook, Chat",5
Artisse,CATHEON,https://coinmarketcap.com/currencies/catheon-gaming/,"ğ•, Twitter, Discord, Telegram",4
Magical Blocks,MBLK,https://coinmarketcap.com/currencies/magical-blocks/,"ğ•, Twitter, Reddit, Facebook, Discord, Telegram",6
BullBear AI,AIBB,https://coinmarketcap.com/currencies/bullbear-ai/,"ğ•, Twitter, Telegram",3
Monsterra (MSTR),MSTR,https://coinmarketcap.com/currencies/monsterra/,"ğ•, Twitter, Facebook, Discord, Telegram",5
Kryptomon,KMON,https://coinmarketcap.com/currencies/kryptomon/,"ğ•, Twitter, Reddit, Facebook, Discord, Telegram",6
SHILL Token,SHILL,https://coinmarketcap.com/currencies/project-seed/,"ğ•, Twitter, Reddit, Facebook, Discord, Telegram",6
MetaFighter,MF,https://coinmarketcap.com/currencies/metafighter/,"ğ•, Twitter, Discord, Telegram",4
The QWAN,QWAN,https://coinmarketcap.com/currencies/the-qwan/,"ğ•, Twitter, Chat",3
Forest Knight,KNIGHT,https://coinmarketcap.com/currencies/forest-knight/,"ğ•, Twitter, Discord, Chat",4
RealFevr,FEVR,https://coinmarketcap.com/currencies/realfevr/,"ğ•, Twitter, Reddit, Facebook, Discord, Telegram",6
CryptoBlades,SKILL,https://coinmarketcap.com/currencies/cryptoblades/,"ğ•, Twitter, Telegram",3
Ninneko,NINO,https://coinmarketcap.com/currencies/ninneko/,"ğ•, Twitter, Telegram",3
Chain of Legends,CLEG,https://coinmarketcap.com/currencies/chain-of-legends/,"ğ•, Twitter, Discord, Telegram",4
Wizardia,WZRD,https://coinmarketcap.com/currencies/wizardia/,"ğ•, Twitter, Discord, Telegram",4
Mist,MIST,https://coinmarketcap.com/currencies/mist/,"ğ•, Twitter, Discord, Telegram",4
DOSE,DOSE,https://coinmarketcap.com/currencies/dose/,"ğ•, Twitter, Telegram",3
Nemesis Downfall,ND,https://coinmarketcap.com/currencies/nemesis-downfall/,"ğ•, Twitter, Reddit, Discord, Telegram",5
Binemon,BIN,https://coinmarketcap.com/currencies/binemon/,"ğ•, Twitter, Telegram",3
Mars Token,MRST,https://coinmarketcap.com/currencies/mars-token/,"ğ•, Twitter, Reddit, Discord, Telegram",5
POLKER,PKR,https://coinmarketcap.com/currencies/polker/,"ğ•, Twitter, Reddit, Discord, Telegram",5
FaraLand,FARA,https://coinmarketcap.com/currencies/faraland/,"ğ•, Twitter, Discord, Telegram",4
CryptoTycoon,CTT,https://coinmarketcap.com/currencies/cryptotycoon/,"ğ•, Twitter, Telegram",3
HEROcoin,PLAY,https://coinmarketcap.com/currencies/herocoin/,"ğ•, Twitter, Reddit, Telegram",4
ASPO World,ASPO,https://coinmarketcap.com/currencies/aspo-world/,"ğ•, Twitter, Facebook, Telegram",4
Dawn Protocol,DAWN,https://coinmarketcap.com/currencies/dawn-protocol/,"ğ•, Twitter, Telegram",3
Refereum,RFR,https://coinmarketcap.com/currencies/refereum/,"ğ•, Twitter, Reddit, Telegram",4
My Master War,MAT,https://coinmarketcap.com/currencies/my-master-war/,"ğ•, Twitter, Telegram",3
Defina Finance,FINA,https://coinmarketcap.com/currencies/defina-finance/,"ğ•, Twitter, Facebook, Discord, Telegram",5
Mochi Market,MOMA,https://coinmarketcap.com/currencies/mochi-market/,"ğ•, Twitter, Discord, Telegram",4
Carbon,CARBON,https://coinmarketcap.com/currencies/carbon/,"ğ•, Twitter, Chat",3
The Crypto Prophecies,TCP,https://coinmarketcap.com/currencies/the-crypto-prophecies/,"ğ•, Twitter, Discord, Telegram",4
Elpis Battle,EBA,https://coinmarketcap.com/currencies/elpis-battle/,"ğ•, Twitter, Reddit, Facebook, Discord, Telegram",6
The HUSL,HUSL,https://coinmarketcap.com/currencies/the-husl/,"ğ•, Twitter, Telegram",3
PolkaWar,PWAR,https://coinmarketcap.com/currencies/polkawar/,"ğ•, Twitter, Discord, Telegram",4
Refinable,FINE,https://coinmarketcap.com/currencies/refinable/,"ğ•, Twitter, Telegram",3
GameCredits,GAME,https://coinmarketcap.com/currencies/gamecredits/,"ğ•, Twitter, Reddit, Telegram, Chat",5
Gunstar Metaverse,GSTS,https://coinmarketcap.com/currencies/gunstar-metaverse/,"ğ•, Twitter, Facebook, Discord, Telegram",5
ROCKI,ROCKI,https://coinmarketcap.com/currencies/rocki/,"ğ•, Twitter, Telegram",3
TheForce Trade,FOC,https://coinmarketcap.com/currencies/theforce-trade/,"ğ•, Twitter, Discord, Telegram",4
Bowled.io,BWLD,https://coinmarketcap.com/currencies/bowled/,"ğ•, Twitter, Discord, Telegram",4
COGI,COGI,https://coinmarketcap.com/currencies/9d-nft/,"ğ•, Twitter, Facebook, Telegram, Chat",5
IQ Protocol,IQT,https://coinmarketcap.com/currencies/iq-protocol/,"ğ•, Twitter, Reddit, Discord, Telegram",5
Crypto Sports Network,CSPN,https://coinmarketcap.com/currencies/crypto-sports/,"ğ•, Twitter, Facebook, Discord, Telegram",5
DinoX,DNXC,https://coinmarketcap.com/currencies/dinox/,"ğ•, Twitter, Telegram",3
AirNFTs,AIRT,https://coinmarketcap.com/currencies/airnfts/,"ğ•, Twitter, Telegram",3
CryptoTanks,TANK,https://coinmarketcap.com/currencies/cryptotanks/,"ğ•, Twitter, Discord, Telegram",4
MMOCoin,MMO,https://coinmarketcap.com/currencies/mmocoin/,"ğ•, Twitter, Discord, Telegram",4
Rune,RUNE,https://coinmarketcap.com/currencies/rune/,"ğ•, Twitter, Reddit, Facebook, Discord, Telegram",6
BEMIL Coin,BEM,https://coinmarketcap.com/currencies/bemil-coin/,"ğ•, Twitter, Telegram",3
BetU,BETU,https://coinmarketcap.com/currencies/betu/,"ğ•, Twitter, Discord, Telegram",4
MetaShooter,MHUNT,https://coinmarketcap.com/currencies/metashooter/,"ğ•, Twitter, Reddit, Facebook, Discord, Telegram",6
Era Token (Era7),ERA,https://coinmarketcap.com/currencies/era-token/,"ğ•, Twitter, Chat",3
Twinci,TWIN,https://coinmarketcap.com/currencies/twinci/,"ğ•, Twitter, Discord, Telegram",4
Warena,RENA,https://coinmarketcap.com/currencies/warena/,"ğ•, Twitter, Facebook, Discord, Telegram",5
Bitspawn,SPWN,https://coinmarketcap.com/currencies/bitspawn-protocol/,"ğ•, Twitter, Reddit, Discord, Chat",5
Genesis Worlds,GENESIS,https://coinmarketcap.com/currencies/genesis-worlds/,"ğ•, Twitter, Reddit, Discord, Telegram",5
Step Hero,HERO,https://coinmarketcap.com/currencies/step-hero/,"ğ•, Twitter, Reddit, Telegram",4
Cryptopolis,CPO,https://coinmarketcap.com/currencies/cryptopolis/,"ğ•, Twitter, Discord, Telegram",4
RUSH COIN,RUSH,https://coinmarketcap.com/currencies/rush-coin/,Telegram,1
Baby Doge Coin,1MBABYDOGE,https://coinmarketcap.com/currencies/1m-baby-doge-coin/,"ğ•, Twitter, Facebook, Discord, Telegram",5
Bitcoin Cats,1CAT,https://coinmarketcap.com/currencies/bitcoin-cats/,"ğ•, Twitter, Telegram",3
Elumia Crowns,ELU,https://coinmarketcap.com/currencies/legends-of-elumia/,"ğ•, Twitter, Discord, Telegram",4
Altered State Token,ASTO,https://coinmarketcap.com/currencies/altered-state-token/,"ğ•, Twitter, Reddit, Discord",4
TYBENG,TYBENG,https://coinmarketcap.com/currencies/tybeng/,"ğ•, Twitter, Telegram, Chat",4
Counter Fire,CEC,https://coinmarketcap.com/currencies/counter-fire/,"ğ•, Twitter, Discord",3
Ozone Metaverse,OZONE,https://coinmarketcap.com/currencies/ozone-metaverse/,"ğ•, Twitter, Discord, Telegram",4
xPET tech,XPET,https://coinmarketcap.com/currencies/xpet-tech/,"ğ•, Twitter, Discord",3
DarkShield Games Studio,DKS,https://coinmarketcap.com/currencies/darkshield/,"ğ•, Twitter, Discord, Telegram",4
Forgotten Playland,FP,https://coinmarketcap.com/currencies/forgotten-playland/,"ğ•, Twitter, Discord",3
Playbux,PBUX,https://coinmarketcap.com/currencies/playbux/,"ğ•, Twitter, Discord, Telegram",4
Nim Network,NIM,https://coinmarketcap.com/currencies/nim-network/,"ğ•, Twitter, Discord",3
Unagi Token,UNA,https://coinmarketcap.com/currencies/unagi-token/,"ğ•, Twitter",2
Param,PARAM,https://coinmarketcap.com/currencies/param/,"ğ•, Twitter, Discord",3
Gamer Arena,GAU,https://coinmarketcap.com/currencies/gamer-arena/,"ğ•, Twitter, Discord, Telegram, Chat",5
Gold Fever,NGL,https://coinmarketcap.com/currencies/gold-fever/,"ğ•, Twitter, Discord, Telegram",4
GrapeCoin,GRAPE,https://coinmarketcap.com/currencies/grapecoin/,"ğ•, Twitter, Discord",3
King of Legends,KOL,https://coinmarketcap.com/currencies/king-of-legends-2/,"ğ•, Twitter, Facebook, Discord",4
NeuralAI,NEURAL,https://coinmarketcap.com/currencies/neuralai/,"ğ•, Twitter, Telegram",3
ScapesMania,MANIA,https://coinmarketcap.com/currencies/scapesmania/,"ğ•, Twitter, Discord, Telegram",4
ECOMI,OMI,https://coinmarketcap.com/currencies/ecomi-new/,"ğ•, Twitter, Discord, Telegram",4
Taki Games,TAKI,https://coinmarketcap.com/currencies/taki/,"ğ•, Twitter, Discord, Telegram",4
Devomon,EVO,https://coinmarketcap.com/currencies/devomon/,"ğ•, Twitter, Discord, Telegram, Chat",5
Magic Crystal,MC,https://coinmarketcap.com/currencies/magic-crystal/,"ğ•, Twitter, Discord, Telegram",4
Neo Tokyo,BYTES,https://coinmarketcap.com/currencies/neo-tokyo/,"ğ•, Twitter, Discord",3
KAP Games,KAP,https://coinmarketcap.com/currencies/kap-games/,"ğ•, Twitter, Discord, Chat",4
MixMob,MXM,https://coinmarketcap.com/currencies/mixmob/,"ğ•, Twitter, Discord",3
Bullieverse,$BULL,https://coinmarketcap.com/currencies/bullieverse/,"ğ•, Twitter, Discord, Telegram",4
Metahorse Unity,MUNITY,https://coinmarketcap.com/currencies/metahorse-unity/,"ğ•, Twitter, Discord, Telegram",4
Karate Combat,KARATE,https://coinmarketcap.com/currencies/karate-combat/,"ğ•, Twitter, Reddit, Discord",4
Sheertopia,AMBO,https://coinmarketcap.com/currencies/sheertopia/,"ğ•, Twitter, Telegram",3
Mythos,MYTH,https://coinmarketcap.com/currencies/mythos/,"ğ•, Twitter, Reddit, Discord, Telegram, Chat",6
BilliCat,BCAT,https://coinmarketcap.com/currencies/polymoon/,"ğ•, Twitter, Telegram",3
EthXY,SEXY,https://coinmarketcap.com/currencies/ethxy/,"ğ•, Twitter, Discord, Telegram",4
Metastrike,MTS,https://coinmarketcap.com/currencies/metastrike/,"ğ•, Twitter, Discord, Telegram",4
Codyfight,CTOK,https://coinmarketcap.com/currencies/codyfight/,"ğ•, Twitter, Reddit, Facebook, Discord, Telegram",6
HYTOPIA,TOPIA,https://coinmarketcap.com/currencies/hytopia/,"ğ•, Twitter, Discord",3
Enjinstarter,EJS,https://coinmarketcap.com/currencies/enjinstarter/,"ğ•, Twitter, Discord, Telegram",4
Outlanders,LAND,https://coinmarketcap.com/currencies/outlanders/,"ğ•, Twitter, Telegram",3
Capverse,CAP,https://coinmarketcap.com/currencies/capverse/,"ğ•, Twitter, Discord, Telegram",4
Domi Online,DOMI,https://coinmarketcap.com/currencies/domi-online/,"ğ•, Twitter, Reddit, Facebook, Discord, Telegram",6
Raini Studios Token,RST,https://coinmarketcap.com/currencies/raini-studios-token/,"ğ•, Twitter, Reddit, Discord, Telegram",5
DEGA,DEGA,https://coinmarketcap.com/currencies/dega-org/,"ğ•, Twitter, Discord, Telegram",4
STYLE Protocol,STYLE,https://coinmarketcap.com/currencies/styleprotocol/,"ğ•, Twitter, Discord, Telegram",4
Web3War,FPS,https://coinmarketcap.com/currencies/web3war/,"ğ•, Twitter, Discord, Telegram",4
Neoxa,NEOX,https://coinmarketcap.com/currencies/neoxa/,"ğ•, Twitter, Discord",3
Meta Merge,MMM,https://coinmarketcap.com/currencies/meta-merge/,"ğ•, Twitter, Discord",3
ScarQuest,SCAR,https://coinmarketcap.com/currencies/velhalla/,"ğ•, Twitter, Facebook, Discord, Telegram, Chat",6
Game Meteor Coin,GMTO,https://coinmarketcap.com/currencies/game-meteor-coin/,"ğ•, Twitter, Telegram",3
StarHeroes,STAR,https://coinmarketcap.com/currencies/starheroes/,"ğ•, Twitter, Reddit, Discord, Telegram",5
PunkCity,PUNK,https://coinmarketcap.com/currencies/punk-city/,"ğ•, Twitter, Telegram",3
Trinity Of The Fabled,ABYS,https://coinmarketcap.com/currencies/the-fabled/,"ğ•, Twitter, Discord, Telegram",4
GGDApp,GGTK,https://coinmarketcap.com/currencies/ggdapp/,"ğ•, Twitter",2
Sociapol,SPOL,https://coinmarketcap.com/currencies/sociapol/,"ğ•, Twitter, Telegram",3
Storm Warfare,JAN,https://coinmarketcap.com/currencies/janus-interactive/,"ğ•, Twitter, Reddit, Discord, Telegram",5
BlockchainSpace,GUILD,https://coinmarketcap.com/currencies/blockchainspace/,"ğ•, Twitter, Facebook, Discord, Telegram",5
Vendetta,VDT,https://coinmarketcap.com/currencies/vendetta/,"ğ•, Twitter, Discord, Telegram",4
HILO,HILO,https://coinmarketcap.com/currencies/hilo/,"ğ•, Twitter, Telegram, Chat",4
BitBrawl,BRAWL,https://coinmarketcap.com/currencies/bitbrawl/,"ğ•, Twitter, Discord, Telegram",4
Meta Masters Guild Games,MEMAGX,https://coinmarketcap.com/currencies/meta-masters-guild-games/,"ğ•, Twitter, Discord, Telegram",4
Warped Games,WARPED,https://coinmarketcap.com/currencies/warped-games/,"ğ•, Twitter, Reddit, Discord, Telegram",5
Moonsama,SAMA,https://coinmarketcap.com/currencies/exosama-network/,"ğ•, Twitter, Discord, Telegram",4
Equilibrium Games,EQ,https://coinmarketcap.com/currencies/eq/,"ğ•, Twitter, Reddit, Facebook, Chat",5
SEKAI GLORY,GLORY,https://coinmarketcap.com/currencies/sekai-glory/,"ğ•, Twitter, Discord",3
Meme Kombat,MK,https://coinmarketcap.com/currencies/meme-kombat/,"ğ•, Twitter, Discord, Telegram",4
CasinoCoin,CSC,https://coinmarketcap.com/currencies/casinocoin/,"ğ•, Twitter, Reddit, Telegram, Chat",5
Miner Arena,MINAR,https://coinmarketcap.com/currencies/miner-arena/,"ğ•, Twitter, Reddit, Telegram",4
BOOM DAO,BOOM,https://coinmarketcap.com/currencies/boom-dao/,"ğ•, Twitter, Discord",3
Puff The Dragon,PUFF,https://coinmarketcap.com/currencies/puff-the-dragon/,"ğ•, Twitter, Discord, Telegram, Chat",5
Merit Circle,MC,https://coinmarketcap.com/currencies/merit-circle/,"ğ•, Twitter, Discord, Telegram",4
SPONGE,SPONGE,https://coinmarketcap.com/currencies/sponge-token/,"ğ•, Twitter, Discord, Telegram",4
Trex20,TX20,https://coinmarketcap.com/currencies/trex20/,"ğ•, Twitter, Telegram",3
Army of Fortune Coin,AFC,https://coinmarketcap.com/currencies/army-of-fortune-coin/,"ğ•, Twitter, Discord",3
Heroes & Empires,HE,https://coinmarketcap.com/currencies/heroes-and-empires/,"ğ•, Twitter, Reddit, Facebook, Discord, Telegram",6
Realm,REALM,https://coinmarketcap.com/currencies/realm/,"ğ•, Twitter, Discord, Telegram",4
Apollo FTW,FTW,https://coinmarketcap.com/currencies/apollo-ftw/,"ğ•, Twitter, Telegram",3
WASD Studios,WASD,https://coinmarketcap.com/currencies/wasd-studios/,"ğ•, Twitter, Telegram",3
UFORIKA,FORA,https://coinmarketcap.com/currencies/uforika/,"ğ•, Twitter, Discord, Telegram",4
UFORIKA,FORA,https://coinmarketcap.com/currencies/uforika/,"ğ•, Twitter, Discord, Telegram",4
MetaTrace Utility Token,ACE,https://coinmarketcap.com/currencies/metatrace-me/,"ğ•, Twitter, Discord, Telegram",4
Army of Fortune Gem,AFG,https://coinmarketcap.com/currencies/army-of-fortune-gem/,"ğ•, Twitter, Discord",3
Devikins,DVK,https://coinmarketcap.com/currencies/devikins/,"ğ•, Twitter, Facebook, Discord, Telegram",5
MEOW,MEOW,https://coinmarketcap.com/currencies/meowchain/,"ğ•, Twitter, Telegram, Chat",4
NFT Champions,CHAMP,https://coinmarketcap.com/currencies/nft-champions/,"ğ•, Twitter, Telegram",3
TridentDAO,PSI,https://coinmarketcap.com/currencies/tridentdao/,"ğ•, Twitter, Discord",3
Dubbz,DUBBZ,https://coinmarketcap.com/currencies/dubbz/,"ğ•, Twitter, Discord, Telegram",4
Champz,CHAMPZ,https://coinmarketcap.com/currencies/champignons-of-arborethia/,"ğ•, Twitter, Telegram",3
Derby Stars,DSRUN,https://coinmarketcap.com/currencies/derby-stars/,"ğ•, Twitter, Discord",3
Time Raiders,XPND,https://coinmarketcap.com/currencies/time-raiders/,"ğ•, Twitter, Discord, Telegram",4
Nirvana,VANA,https://coinmarketcap.com/currencies/nirvana/,"ğ•, Twitter, Discord, Telegram",4
Realm Anima,ANIMA,https://coinmarketcap.com/currencies/realm-anima/,"ğ•, Twitter, Discord",3
Phantom of the Kill,HIME,https://coinmarketcap.com/currencies/phantom-of-the-kill/,"ğ•, Twitter, Discord",3
Aavegotchi FOMO,FOMO,https://coinmarketcap.com/currencies/aavegotchi-fomo/,"ğ•, Twitter, Discord, Telegram",4
PanoVerse,PANO,https://coinmarketcap.com/currencies/panoverse/,"ğ•, Twitter, Discord, Telegram",4
Sipher,SIPHER,https://coinmarketcap.com/currencies/sipher/,"ğ•, Twitter, Facebook, Discord, Telegram, Chat",6
REAKTOR,RKR,https://coinmarketcap.com/currencies/reaktor/,"ğ•, Twitter, Telegram",3
Galaxy Fox,GFOX,https://coinmarketcap.com/currencies/galaxy-fox/,"ğ•, Twitter, Discord",3
Animalia,ANIM,https://coinmarketcap.com/currencies/animalia/,"ğ•, Twitter, Reddit, Facebook, Discord",5
Spintop,SPIN,https://coinmarketcap.com/currencies/spintop/,"ğ•, Twitter, Discord, Telegram",4
Anima Spirit Gem,ASG,https://coinmarketcap.com/currencies/nekoverse-city-of-greed-anima-spirit-gem/,"ğ•, Twitter, Discord, Telegram",4
xPET tech BPET,BPET,https://coinmarketcap.com/currencies/bpet/,"ğ•, Twitter, Discord",3
Hydraverse,HDV,https://coinmarketcap.com/currencies/hydraverse/,"ğ•, Twitter, Discord, Telegram",4
BoxBet,BXBT,https://coinmarketcap.com/currencies/boxbet/,"ğ•, Twitter, Telegram",3
Mechanium,MECHA,https://coinmarketcap.com/currencies/mechachain/,"ğ•, Twitter, Discord, Telegram",4
Snook,SNK,https://coinmarketcap.com/currencies/snook/,"ğ•, Twitter, Facebook, Discord, Telegram",5
Planet Sandbox,PSB,https://coinmarketcap.com/currencies/planet-sandbox/,"Discord, Telegram",2
Titan Hunters,TITA,https://coinmarketcap.com/currencies/titan-hunters/,"ğ•, Twitter, Discord, Telegram",4
Sugar Kingdom Odyssey,SKO,https://coinmarketcap.com/currencies/sugar-kingdom/,"ğ•, Twitter, Discord, Telegram",4
Flare Token,1FLR,https://coinmarketcap.com/currencies/flare-token/,"ğ•, Twitter, Reddit, Facebook, Discord, Telegram",6
DeFi Warrior (FIWA),FIWA,https://coinmarketcap.com/currencies/defi-warrior/,"ğ•, Twitter, Discord, Telegram",4
TaleCraft,CRAFT,https://coinmarketcap.com/currencies/talecraft/,"ğ•, Twitter, Discord",3
BunnyPark,BP,https://coinmarketcap.com/currencies/bunnypark/,"ğ•, Twitter, Telegram",3
World of Defish,WOD,https://coinmarketcap.com/currencies/world-of-defish/,"ğ•, Twitter, Telegram",3
MEGAWEAPON,WEAPON,https://coinmarketcap.com/currencies/megaweapon/,"ğ•, Twitter, Discord, Telegram",4
X Protocol,POT,https://coinmarketcap.com/currencies/x-protocol/,"ğ•, Twitter, Telegram",3
Soul Society,HON,https://coinmarketcap.com/currencies/soul-society/,"ğ•, Twitter, Discord, Telegram",4
Space Misfits,SMCW,https://coinmarketcap.com/currencies/space-misfits/,"ğ•, Twitter, Telegram",3
Alpaca City,ALPA,https://coinmarketcap.com/currencies/alpaca-city/,"ğ•, Twitter, Discord, Telegram",4
Gambit,GAMBIT,https://coinmarketcap.com/currencies/gambit-game/,"ğ•, Twitter, Telegram",3
Pegaxy,PGX,https://coinmarketcap.com/currencies/pegaxy/,"ğ•, Twitter, Facebook, Discord, Telegram",5
Web3Games.com,WGT,https://coinmarketcap.com/currencies/web3games/,"ğ•, Twitter, Discord, Telegram",4
Hamsters,HAMS,https://coinmarketcap.com/currencies/hamsters/,"ğ•, Twitter, Discord, Telegram",4
StarSharks (SSS),SSS,https://coinmarketcap.com/currencies/starsharks-sss/,"ğ•, Twitter, Discord, Telegram",4
Knights of Cathena,CGO,https://coinmarketcap.com/currencies/knights-of-cathena/,"ğ•, Twitter, Chat",3
Solana Poker,PLAY,https://coinmarketcap.com/currencies/solana-poker/,"ğ•, Twitter, Telegram",3
EXTOCIUM,XTO,https://coinmarketcap.com/currencies/extocium/,"ğ•, Twitter, Discord",3
Hero Arena,HERA,https://coinmarketcap.com/currencies/hero-arena/,"ğ•, Twitter, Discord, Telegram",4
Memes vs Undead,MVU,https://coinmarketcap.com/currencies/memes-vs-undead/,"ğ•, Twitter, Telegram",3
ZONE,ZONE,https://coinmarketcap.com/currencies/zone/,"ğ•, Twitter, Reddit, Facebook, Discord, Telegram",6
Tongochi,PET,https://coinmarketcap.com/currencies/tongochi/,"ğ•, Twitter, Telegram",3
PECland,PECL,https://coinmarketcap.com/currencies/pecland/,"ğ•, Twitter, Discord",3
PECland,PECL,https://coinmarketcap.com/currencies/pecland/,"ğ•, Twitter, Discord",3
GONG,GONG,https://coinmarketcap.com/currencies/gong/,"ğ•, Twitter",2
Infinity Skies,ISKY,https://coinmarketcap.com/currencies/infinity-skies/,"ğ•, Twitter, Discord, Telegram",4
The Winners Circle,HRSE,https://coinmarketcap.com/currencies/the-winners-circle/,"ğ•, Twitter, Facebook, Telegram",4
Duckie Land,MMETA,https://coinmarketcap.com/currencies/duckie-land/,"ğ•, Twitter, Facebook, Discord, Telegram",5
MetaGods,MGOD,https://coinmarketcap.com/currencies/metagods/,"ğ•, Twitter, Reddit, Telegram",4
Crypto Global United,CGU,https://coinmarketcap.com/currencies/crypto-gaming-united/,"ğ•, Twitter, Discord",3
HappyLand,HPL,https://coinmarketcap.com/currencies/happy-land/,"ğ•, Twitter, Telegram",3
Metarun,MRUN,https://coinmarketcap.com/currencies/metarun/,"ğ•, Twitter, Discord, Telegram",4
Undead Blocks,UNDEAD,https://coinmarketcap.com/currencies/undead-blocks/,"ğ•, Twitter, Discord, Telegram",4
Snail Trail,SLIME,https://coinmarketcap.com/currencies/snail-trail/,"ğ•, Twitter, Discord",3
Titanium22,TI,https://coinmarketcap.com/currencies/titanium22/,"ğ•, Twitter, Telegram",3
Wanaka Farm,WANA,https://coinmarketcap.com/currencies/wanaka-farm/,"ğ•, Twitter, Discord, Telegram",4
Mech Master,MECH,https://coinmarketcap.com/currencies/mech-master/,"ğ•, Twitter, Facebook, Discord, Telegram",5
DoragonLand,DOR,https://coinmarketcap.com/currencies/doragonland/,"ğ•, Twitter, Facebook, Telegram",4
Amber Soul Stone,AMBER,https://coinmarketcap.com/currencies/amber-soul-stone/,"ğ•, Twitter, Telegram",3
Besa Gaming,BESA,https://coinmarketcap.com/currencies/besa-gaming/,"ğ•, Twitter, Discord",3
ChainCade,CHAINCADE,https://coinmarketcap.com/currencies/chaincade/,"ğ•, Twitter, Reddit, Discord, Telegram, Chat",6
Gaming Stars,GAMES,https://coinmarketcap.com/currencies/gaming-stars-net/,"ğ•, Twitter, Telegram",3
Bit Hotel,BTH,https://coinmarketcap.com/currencies/bit-hotel/,"ğ•, Twitter, Reddit, Telegram",4
Decentral Games Governance (xDG),xDG,https://coinmarketcap.com/currencies/decentral-games-governance-xdg/,"ğ•, Twitter, Facebook, Discord, Telegram",5
Nomad Exiles,PRIDE,https://coinmarketcap.com/currencies/nomad-exiles/,"ğ•, Twitter, Discord, Telegram",4
Age of Tanks,A.O.T,https://coinmarketcap.com/currencies/age-of-tanks/,"ğ•, Twitter, Discord, Telegram",4
Stella Fantasy,SFTY,https://coinmarketcap.com/currencies/stella-fantasy/,"ğ•, Twitter, Discord",3
TryHards,TRYHARDS,https://coinmarketcap.com/currencies/tryhards/,"ğ•, Twitter, Facebook, Discord, Telegram",5
ITAM Games,ITAM,https://coinmarketcap.com/currencies/itam-games/,"ğ•, Twitter, Reddit, Telegram",4
Moonscape,MSCP,https://coinmarketcap.com/currencies/moonscape/,"ğ•, Twitter, Telegram",3
SkinCoin,SKIN,https://coinmarketcap.com/currencies/skincoin/,"ğ•, Twitter, Chat",3
Bezoge Earth,BEZOGE,https://coinmarketcap.com/currencies/bezoge-earth/,"ğ•, Twitter, Reddit, Discord, Telegram",5
Dope Wars Paper,PAPER,https://coinmarketcap.com/currencies/dope-wars-paper/,"ğ•, Twitter, Discord, Telegram",4
Meme Lordz [OLD],$LORDZ,https://coinmarketcap.com/currencies/meme-lordz/,"ğ•, Twitter, Telegram",3
Moomonster,MOO,https://coinmarketcap.com/currencies/moomonster/,"ğ•, Twitter, Facebook, Discord, Telegram",5
MetaBrands,MAGE,https://coinmarketcap.com/currencies/metabrands/,"ğ•, Twitter, Discord, Telegram",4
PlayNity,PLY,https://coinmarketcap.com/currencies/playnity/,"ğ•, Twitter, Discord, Telegram",4
Battle Saga,BTL,https://coinmarketcap.com/currencies/battlesaga/,"ğ•, Twitter, Reddit, Discord, Telegram",5
Colonize Mars,MARTIA,https://coinmarketcap.com/currencies/colonize-mars/,"ğ•, Twitter, Discord, Telegram",4
Monsterra (MAG),MAG,https://coinmarketcap.com/currencies/monsterra-nft-game/,"ğ•, Twitter, Facebook, Discord, Telegram",5
Super Athletes Token,SAT,https://coinmarketcap.com/currencies/super-athletes/,"ğ•, Twitter, Discord, Telegram",4
Echo Of The Horizon,EOTH,https://coinmarketcap.com/currencies/echo-of-the-horizon/,"ğ•, Twitter, Discord, Telegram, Chat",5
Memefi Toybox 404,TOYBOX,https://coinmarketcap.com/currencies/memefi-toybox-404/,"ğ•, Twitter, Discord, Telegram",4
GnomeLand,GNOME,https://coinmarketcap.com/currencies/gnomeland/,"ğ•, Twitter, Telegram",3
Xtremeverse,XTREME,https://coinmarketcap.com/currencies/xtremeverse/,"ğ•, Twitter, Discord",3
The GameHub,GHUB,https://coinmarketcap.com/currencies/the-gamehub/,"ğ•, Twitter, Telegram",3
