id,name,symbol,slug,cmcRank,circulatingSupply,totalSupply,maxSupply,lastUpdated,dateAdded,tags,quotes,url,date_added,max_supply,circulating_supply,total_supply,platform,cmc_rank,last_updated,timestamp
1,Bitcoin,BTC,bitcoin,1,11540850.0,11540850.0,21000000.0,2013-08-11T23:56:02.000Z,2013-04-28T00:00:00.000Z,['mineable'],"[{'name': '2781', 'price': 105.0, 'volume24h': 0.0, 'marketCap': 1211789250.0, 'percentChange1h': 0.112443, 'percentChange24h': 1.85005, 'percentChange7d': -0.512347, 'lastUpdated': '2013-08-11T00:00:00.000Z'}, {'name': '1', 'price': 1, 'volume24h': 0.0, 'marketCap': 11764945.04620784, 'percentChange1h': 0, 'percentChange24h': 0, 'percentChange7d': 0, 'lastUpdated': '2013-08-11T12:00:00Z'}]",https://coinmarketcap.com/historical/20130811/#1,2013-04-28T00:00:00.000Z,21000000.0,11540850.0,11540850.0,,1,2013-08-11T23:56:02.000Z,2024-09-24T14:59:03Z
2,Litecoin,LTC,litecoin,2,20240430.0,20240430.0,84000000.0,2013-08-11T23:56:02.000Z,2013-04-28T00:00:00.000Z,['mineable'],"[{'name': '2781', 'price': 2.69429994, 'volume24h': 0.0, 'marketCap': 54533789.2595745, 'percentChange1h': 0.173502, 'percentChange24h': 5.04338, 'percentChange7d': -9.95393, 'lastUpdated': '2013-08-11T00:00:00.000Z'}, {'name': '1', 'price': 0.02615825, 'volume24h': 0.0, 'marketCap': 529454.30387369, 'percentChange1h': 0.173502, 'percentChange24h': 5.04338, 'percentChange7d': -9.95393, 'lastUpdated': '2013-08-11T12:00:00Z'}]",https://coinmarketcap.com/historical/20130811/#2,2013-04-28T00:00:00.000Z,84000000.0,20240430.0,20240430.0,,2,2013-08-11T23:56:02.000Z,2024-09-24T14:59:04Z
52,XRP,XRP,xrp,3,7817889792.0,99999997952.0,100000000000.0,2013-08-11T23:56:04.000Z,2013-08-04T00:00:00.000Z,,"[{'name': '2781', 'price': 0.00441532, 'volume24h': 0.0, 'marketCap': 34518516.09806446, 'percentChange1h': 0.122584, 'percentChange24h': 2.22634, 'percentChange7d': -25.2101, 'lastUpdated': '2013-08-11T00:00:00.000Z'}, {'name': '1', 'price': 4.287e-05, 'volume24h': 0.0, 'marketCap': 335131.24907683, 'percentChange1h': 0.122584, 'percentChange24h': 2.22634, 'percentChange7d': -25.2101, 'lastUpdated': '2013-08-11T12:00:00Z'}]",https://coinmarketcap.com/historical/20130811/#52,2013-08-04T00:00:00.000Z,100000000000.0,7817889792.0,99999997952.0,,3,2013-08-11T23:56:04.000Z,2024-09-24T14:59:04Z
3,Namecoin,NMC,namecoin,4,6273643.0,6273643.0,,2013-08-11T23:56:02.000Z,2013-04-28T00:00:00.000Z,['mineable'],"[{'name': '2781', 'price': 0.67304999, 'volume24h': 0.0, 'marketCap': 4222475.33559293, 'percentChange1h': -0.574366, 'percentChange24h': 3.39144, 'percentChange7d': 9.03297, 'lastUpdated': '2013-08-11T00:00:00.000Z'}, {'name': '1', 'price': 0.00653447, 'volume24h': 0.0, 'marketCap': 40994.90920737, 'percentChange1h': -0.574366, 'percentChange24h': 3.39144, 'percentChange7d': 9.03297, 'lastUpdated': '2013-08-11T12:00:00Z'}]",https://coinmarketcap.com/historical/20130811/#3,2013-04-28T00:00:00.000Z,,6273643.0,6273643.0,,4,2013-08-11T23:56:02.000Z,2024-09-24T14:59:04Z
5,Peercoin,PPC,peercoin,5,19927126.0,19927126.0,,2013-08-11T23:56:03.000Z,2013-04-28T00:00:00.000Z,['mineable'],"[{'name': '2781', 'price': 0.15854999, 'volume24h': 0.0, 'marketCap': 3159445.71232586, 'percentChange1h': 0.263713, 'percentChange24h': 1.6139, 'percentChange7d': -0.808536, 'lastUpdated': '2013-08-11T00:00:00.000Z'}, {'name': '1', 'price': 0.00153932, 'volume24h': 0.0, 'marketCap': 30674.23248885, 'percentChange1h': 0.263713, 'percentChange24h': 1.6139, 'percentChange7d': -0.808536, 'lastUpdated': '2013-08-11T12:00:00Z'}]",https://coinmarketcap.com/historical/20130811/#5,2013-04-28T00:00:00.000Z,,19927126.0,19927126.0,,5,2013-08-11T23:56:03.000Z,2024-09-24T14:59:04Z
8,Feathercoin,FTC,feathercoin,6,13147650.0,13147650.0,336000000.0,2013-08-11T23:56:03.000Z,2013-05-03T00:00:00.000Z,['mineable'],"[{'name': '2781', 'price': 0.15225001, 'volume24h': 0.0, 'marketCap': 2001729.80183736, 'percentChange1h': 0.147127, 'percentChange24h': 1.64059, 'percentChange7d': -6.71915, 'lastUpdated': '2013-08-11T00:00:00.000Z'}, {'name': '1', 'price': 0.00147816, 'volume24h': 0.0, 'marketCap': 19434.27136028, 'percentChange1h': 0.147127, 'percentChange24h': 1.64059, 'percentChange7d': -6.71915, 'lastUpdated': '2013-08-11T12:00:00Z'}]",https://coinmarketcap.com/historical/20130811/#8,2013-05-03T00:00:00.000Z,336000000.0,13147650.0,13147650.0,,6,2013-08-11T23:56:03.000Z,2024-09-24T14:59:04Z
6,Novacoin,NVC,novacoin,7,349764.40625,349764.40625,,2013-08-11T23:56:03.000Z,2013-04-28T00:00:00.000Z,['mineable'],"[{'name': '2781', 'price': 5.14604998, 'volume24h': 0.0, 'marketCap': 1799905.11451049, 'percentChange1h': 0.362431, 'percentChange24h': 0.44754, 'percentChange7d': -6.06244, 'lastUpdated': '2013-08-11T00:00:00.000Z'}, {'name': '1', 'price': 0.04996165, 'volume24h': 0.0, 'marketCap': 17474.80823139, 'percentChange1h': 0.362431, 'percentChange24h': 0.44754, 'percentChange7d': -6.06244, 'lastUpdated': '2013-08-11T12:00:00Z'}]",https://coinmarketcap.com/historical/20130811/#6,2013-04-28T00:00:00.000Z,,349764.40625,349764.40625,,7,2013-08-11T23:56:03.000Z,2024-09-24T14:59:04Z
42,Primecoin,XPM,primecoin,8,1530619.125,1530619.125,,2013-08-11T23:56:14.000Z,2013-07-11T00:00:00.000Z,['mineable'],"[{'name': '2781', 'price': 0.88315499, 'volume24h': 0.0, 'marketCap': 1351773.91541411, 'percentChange1h': 0.0766849, 'percentChange24h': 3.9163, 'percentChange7d': 34.395, 'lastUpdated': '2013-08-11T00:00:00.000Z'}, {'name': '1', 'price': 0.00857432, 'volume24h': 0.0, 'marketCap': 13124.01956837, 'percentChange1h': 0.0766849, 'percentChange24h': 3.9163, 'percentChange7d': 34.395, 'lastUpdated': '2013-08-11T12:00:00Z'}]",https://coinmarketcap.com/historical/20130811/#42,2013-07-11T00:00:00.000Z,,1530619.125,1530619.125,,8,2013-08-11T23:56:14.000Z,2024-09-24T14:59:04Z
4,Terracoin,TRC,terracoin,9,3630869.75,3630869.75,42000000.0,2013-08-11T23:56:02.000Z,2013-04-28T00:00:00.000Z,['mineable'],"[{'name': '2781', 'price': 0.1806, 'volume24h': 0.0, 'marketCap': 655735.08559324, 'percentChange1h': -1.02018, 'percentChange24h': -0.0659763, 'percentChange7d': 5.09566, 'lastUpdated': '2013-08-11T00:00:00.000Z'}, {'name': '1', 'price': 0.0017534, 'volume24h': 0.0, 'marketCap': 6366.36052587, 'percentChange1h': -1.02018, 'percentChange24h': -0.0659763, 'percentChange7d': 5.09566, 'lastUpdated': '2013-08-11T12:00:00Z'}]",https://coinmarketcap.com/historical/20130811/#4,2013-04-28T00:00:00.000Z,42000000.0,3630869.75,3630869.75,,9,2013-08-11T23:56:02.000Z,2024-09-24T14:59:04Z
7,Devcoin,DVC,devcoin,10,5056869888.0,5056869888.0,,2013-08-11T23:56:03.000Z,2013-04-28T00:00:00.000Z,['mineable'],"[{'name': '2781', 'price': 5.67e-05, 'volume24h': 0.0, 'marketCap': 286724.5166941, 'percentChange1h': -0.772402, 'percentChange24h': 1.46099, 'percentChange7d': -11.0784, 'lastUpdated': '2013-08-11T00:00:00.000Z'}, {'name': '1', 'price': 5.5e-07, 'volume24h': 0.0, 'marketCap': 2783.73337798, 'percentChange1h': -0.772402, 'percentChange24h': 1.46099, 'percentChange7d': -11.0784, 'lastUpdated': '2013-08-11T12:00:00Z'}]",https://coinmarketcap.com/historical/20130811/#7,2013-04-28T00:00:00.000Z,,5056869888.0,5056869888.0,,10,2013-08-11T23:56:03.000Z,2024-09-24T14:59:04Z
18,Digitalcoin,DGC,digitalcoin,11,6846203.5,6846203.5,48166000.0,2013-08-11T23:56:15.000Z,2013-06-09T00:00:00.000Z,['mineable'],"[{'name': '2781', 'price': 0.03098655, 'volume24h': 0.0, 'marketCap': 212140.22249471, 'percentChange1h': 0.186485, 'percentChange24h': -0.0773329, 'percentChange7d': -14.0164, 'lastUpdated': '2013-08-11T00:00:00.000Z'}, {'name': '1', 'price': 0.00030084, 'volume24h': 0.0, 'marketCap': 2059.61396319, 'percentChange1h': 0.186485, 'percentChange24h': -0.0773329, 'percentChange7d': -14.0164, 'lastUpdated': '2013-08-11T12:00:00Z'}]",https://coinmarketcap.com/historical/20130811/#18,2013-06-09T00:00:00.000Z,48166000.0,6846203.5,6846203.5,,11,2013-08-11T23:56:15.000Z,2024-09-24T14:59:04Z
10,Freicoin,FRC,freicoin,12,23917574.0,23917574.0,,2013-08-11T23:56:05.000Z,2013-05-03T00:00:00.000Z,['mineable'],"[{'name': '2781', 'price': 0.00661605, 'volume24h': 0.0, 'marketCap': 158239.86335381, 'percentChange1h': 0.147124, 'percentChange24h': -8.30631, 'percentChange7d': -3.50963, 'lastUpdated': '2013-08-11T00:00:00.000Z'}, {'name': '1', 'price': 6.423e-05, 'volume24h': 0.0, 'marketCap': 1536.30946675, 'percentChange1h': 0.147124, 'percentChange24h': -8.30631, 'percentChange7d': -3.50963, 'lastUpdated': '2013-08-11T12:00:00Z'}]",https://coinmarketcap.com/historical/20130811/#10,2013-05-03T00:00:00.000Z,,23917574.0,23917574.0,,12,2013-08-11T23:56:05.000Z,2024-09-24T14:59:04Z
16,WorldCoin,WDC,worldcoin,13,15504492.0,15504492.0,,2013-08-11T23:56:11.000Z,2013-05-22T00:00:00.000Z,['mineable'],"[{'name': '2781', 'price': 0.00819, 'volume24h': 0.0, 'marketCap': 126981.79614305, 'percentChange1h': 1.30303, 'percentChange24h': 2.38277, 'percentChange7d': -3.83223, 'lastUpdated': '2013-08-11T00:00:00.000Z'}, {'name': '1', 'price': 7.951e-05, 'volume24h': 0.0, 'marketCap': 1232.83306358, 'percentChange1h': 1.30303, 'percentChange24h': 2.38277, 'percentChange7d': -3.83223, 'lastUpdated': '2013-08-11T12:00:00Z'}]",https://coinmarketcap.com/historical/20130811/#16,2013-05-22T00:00:00.000Z,,15504492.0,15504492.0,,13,2013-08-11T23:56:11.000Z,2024-09-24T14:59:04Z
17,Yacoin,YAC,yacoin,14,5520628.0,5520628.0,,2013-08-11T23:56:14.000Z,2013-06-09T00:00:00.000Z,['mineable'],"[{'name': '2781', 'price': 0.021, 'volume24h': 0.0, 'marketCap': 115933.18643699, 'percentChange1h': -5.48701, 'percentChange24h': -5.10401, 'percentChange7d': 5.83456, 'lastUpdated': '2013-08-11T00:00:00.000Z'}, {'name': '1', 'price': 0.00020388, 'volume24h': 0.0, 'marketCap': 1125.56500024, 'percentChange1h': -5.48701, 'percentChange24h': -5.10401, 'percentChange7d': 5.83456, 'lastUpdated': '2013-08-11T12:00:00Z'}]",https://coinmarketcap.com/historical/20130811/#17,2013-06-09T00:00:00.000Z,,5520628.0,5520628.0,,14,2013-08-11T23:56:14.000Z,2024-09-24T14:59:04Z
37,Megacoin,MEC,megacoin,15,15780250.0,15780250.0,42000000.0,2013-08-11T23:56:29.000Z,2013-07-07T00:00:00.000Z,['mineable'],"[{'name': '2781', 'price': 0.0059241, 'volume24h': 0.0, 'marketCap': 93483.77991328, 'percentChange1h': -3.39594, 'percentChange24h': 10.7944, 'percentChange7d': -19.3054, 'lastUpdated': '2013-08-11T00:00:00.000Z'}, {'name': '1', 'price': 5.752e-05, 'volume24h': 0.0, 'marketCap': 907.60958095, 'percentChange1h': -3.39594, 'percentChange24h': 10.7944, 'percentChange7d': -19.3054, 'lastUpdated': '2013-08-11T12:00:00Z'}]",https://coinmarketcap.com/historical/20130811/#37,2013-07-07T00:00:00.000Z,42000000.0,15780250.0,15780250.0,,15,2013-08-11T23:56:29.000Z,2024-09-24T14:59:05Z
9,Mincoin,MNC,mincoin,16,1250067.375,1250067.375,,2013-08-11T23:56:05.000Z,2013-05-03T00:00:00.000Z,['mineable'],"[{'name': '2781', 'price': 0.0700518, 'volume24h': 0.0, 'marketCap': 87569.46565772, 'percentChange1h': 4.39712, 'percentChange24h': -19.4078, 'percentChange7d': -25.7348, 'lastUpdated': '2013-08-11T00:00:00.000Z'}, {'name': '1', 'price': 0.00068011, 'volume24h': 0.0, 'marketCap': 850.18904994, 'percentChange1h': 4.39712, 'percentChange24h': -19.4078, 'percentChange7d': -25.7348, 'lastUpdated': '2013-08-11T12:00:00Z'}]",https://coinmarketcap.com/historical/20130811/#9,2013-05-03T00:00:00.000Z,,1250067.375,1250067.375,,16,2013-08-11T23:56:05.000Z,2024-09-24T14:59:05Z
13,Ixcoin,IXC,ixcoin,17,14698514.0,14698514.0,,2013-08-11T23:56:07.000Z,2013-05-08T00:00:00.000Z,,"[{'name': '2781', 'price': 0.00578445, 'volume24h': 0.0, 'marketCap': 85022.82076057, 'percentChange1h': 1.38683, 'percentChange24h': 3.84591, 'percentChange7d': 49.0134, 'lastUpdated': '2013-08-11T00:00:00.000Z'}, {'name': '1', 'price': 5.616e-05, 'volume24h': 0.0, 'marketCap': 825.46434037, 'percentChange1h': 1.38683, 'percentChange24h': 3.84591, 'percentChange7d': 49.0134, 'lastUpdated': '2013-08-11T12:00:00Z'}]",https://coinmarketcap.com/historical/20130811/#13,2013-05-08T00:00:00.000Z,,14698514.0,14698514.0,,17,2013-08-11T23:56:07.000Z,2024-09-24T14:59:05Z
41,Infinitecoin,IFC,infinitecoin,18,70605864960.0,70605864960.0,,2013-08-11T23:56:30.000Z,2013-07-10T00:00:00.000Z,['mineable'],"[{'name': '2781', 'price': 1.13e-06, 'volume24h': 0.0, 'marketCap': 80005.12700379, 'percentChange1h': 1.1823, 'percentChange24h': 56.1337, 'percentChange7d': 37.9781, 'lastUpdated': '2013-08-11T00:00:00.000Z'}, {'name': '1', 'price': 1e-08, 'volume24h': 0.0, 'marketCap': 776.7488634, 'percentChange1h': 1.1823, 'percentChange24h': 56.1337, 'percentChange7d': 37.9781, 'lastUpdated': '2013-08-11T12:00:00Z'}]",https://coinmarketcap.com/historical/20130811/#41,2013-07-10T00:00:00.000Z,,70605864960.0,70605864960.0,,18,2013-08-11T23:56:30.000Z,2024-09-24T14:59:05Z
49,Bullion,CBX,bullion,19,591903.6875,591903.6875,,2013-08-11T23:56:34.000Z,2013-08-04T00:00:00.000Z,['mineable'],"[{'name': '2781', 'price': 0.12809999, 'volume24h': 0.0, 'marketCap': 75822.85814924, 'percentChange1h': 5.32229, 'percentChange24h': -2.36962, 'percentChange7d': 24.7994, 'lastUpdated': '2013-08-11T00:00:00.000Z'}, {'name': '1', 'price': 0.00124369, 'volume24h': 0.0, 'marketCap': 736.1443084, 'percentChange1h': 5.32229, 'percentChange24h': -2.36962, 'percentChange7d': 24.7994, 'lastUpdated': '2013-08-11T12:00:00Z'}]",https://coinmarketcap.com/historical/20130811/#49,2013-08-04T00:00:00.000Z,,591903.6875,591903.6875,,19,2013-08-11T23:56:34.000Z,2024-09-24T14:59:05Z
35,Phoenixcoin,PXC,phoenixcoin,20,3472800.0,3472800.0,98000000.0,2013-08-11T23:56:29.000Z,2013-07-04T00:00:00.000Z,['mineable'],"[{'name': '2781', 'price': 0.0206808, 'volume24h': 0.0, 'marketCap': 71820.28251886, 'percentChange1h': 12.7425, 'percentChange24h': 20.2684, 'percentChange7d': -11.974, 'lastUpdated': '2013-08-11T00:00:00.000Z'}, {'name': '1', 'price': 0.00020078, 'volume24h': 0.0, 'marketCap': 697.28434795, 'percentChange1h': 12.7425, 'percentChange24h': 20.2684, 'percentChange7d': -11.974, 'lastUpdated': '2013-08-11T12:00:00Z'}]",https://coinmarketcap.com/historical/20130811/#35,2013-07-04T00:00:00.000Z,98000000.0,3472800.0,3472800.0,,20,2013-08-11T23:56:29.000Z,2024-09-24T14:59:05Z
25,GoldCoin,GLC,goldcoin,21,25661660.0,25661660.0,72245700.0,2013-08-11T23:56:16.000Z,2013-06-14T00:00:00.000Z,['mineable'],"[{'name': '2781', 'price': 0.00205168, 'volume24h': 0.0, 'marketCap': 52649.41001834, 'percentChange1h': -9.17696, 'percentChange24h': -5.56288, 'percentChange7d': 1.69754, 'lastUpdated': '2013-08-11T00:00:00.000Z'}, {'name': '1', 'price': 1.992e-05, 'volume24h': 0.0, 'marketCap': 511.15935843, 'percentChange1h': -9.17696, 'percentChange24h': -5.56288, 'percentChange7d': 1.69754, 'lastUpdated': '2013-08-11T12:00:00Z'}]",https://coinmarketcap.com/historical/20130811/#25,2013-06-14T00:00:00.000Z,72245700.0,25661660.0,25661660.0,,21,2013-08-11T23:56:16.000Z,2024-09-24T14:59:05Z
12,BBQCoin,BQC,bbqcoin,22,22285962.0,22285962.0,,2013-08-11T23:56:07.000Z,2013-05-08T00:00:00.000Z,['mineable'],"[{'name': '2781', 'price': 0.0021105, 'volume24h': 0.0, 'marketCap': 47034.52031965, 'percentChange1h': -22.5786, 'percentChange24h': -18.0689, 'percentChange7d': -27.974, 'lastUpdated': '2013-08-11T00:00:00.000Z'}, {'name': '1', 'price': 2.049e-05, 'volume24h': 0.0, 'marketCap': 456.64586217, 'percentChange1h': -22.5786, 'percentChange24h': -18.0689, 'percentChange7d': -27.974, 'lastUpdated': '2013-08-11T12:00:00Z'}]",https://coinmarketcap.com/historical/20130811/#12,2013-05-08T00:00:00.000Z,,22285962.0,22285962.0,,22,2013-08-11T23:56:07.000Z,2024-09-24T14:59:05Z
32,Fastcoin,FST,fastcoin,23,17146848.0,17146848.0,165888000.0,2013-08-11T23:56:28.000Z,2013-07-04T00:00:00.000Z,['mineable'],"[{'name': '2781', 'price': 0.00236355, 'volume24h': 0.0, 'marketCap': 40527.43278019, 'percentChange1h': 1.4913, 'percentChange24h': 3.22731, 'percentChange7d': -42.9904, 'lastUpdated': '2013-08-11T00:00:00.000Z'}, {'name': '1', 'price': 2.295e-05, 'volume24h': 0.0, 'marketCap': 393.47025031, 'percentChange1h': 1.4913, 'percentChange24h': 3.22731, 'percentChange7d': -42.9904, 'lastUpdated': '2013-08-11T12:00:00Z'}]",https://coinmarketcap.com/historical/20130811/#32,2013-07-04T00:00:00.000Z,165888000.0,17146848.0,17146848.0,,23,2013-08-11T23:56:28.000Z,2024-09-24T14:59:05Z
11,CHNCoin,CNC,chncoin,24,5256730.0,5256730.0,,2013-08-11T23:56:06.000Z,2013-05-08T00:00:00.000Z,['mineable'],"[{'name': '2781', 'price': 0.00714, 'volume24h': 0.0, 'marketCap': 37533.05159607, 'percentChange1h': 0.147124, 'percentChange24h': 1.86571, 'percentChange7d': -25.761, 'lastUpdated': '2013-08-11T00:00:00.000Z'}, {'name': '1', 'price': 6.932e-05, 'volume24h': 0.0, 'marketCap': 364.39858618, 'percentChange1h': 0.147124, 'percentChange24h': 1.86571, 'percentChange7d': -25.761, 'lastUpdated': '2013-08-11T12:00:00Z'}]",https://coinmarketcap.com/historical/20130811/#11,2013-05-08T00:00:00.000Z,,5256730.0,5256730.0,,24,2013-08-11T23:56:06.000Z,2024-09-24T14:59:05Z
22,Luckycoin,LKY,luckycoin,25,5928440.0,5928440.0,,2013-08-11T23:56:16.000Z,2013-06-14T00:00:00.000Z,['mineable'],"[{'name': '2781', 'price': 0.0044793, 'volume24h': 0.0, 'marketCap': 26555.26265994, 'percentChange1h': 0.456777, 'percentChange24h': 8.52527, 'percentChange7d': -10.8473, 'lastUpdated': '2013-08-11T00:00:00.000Z'}, {'name': '1', 'price': 4.349e-05, 'volume24h': 0.0, 'marketCap': 257.81810317, 'percentChange1h': 0.456777, 'percentChange24h': 8.52527, 'percentChange7d': -10.8473, 'lastUpdated': '2013-08-11T12:00:00Z'}]",https://coinmarketcap.com/historical/20130811/#22,2013-06-14T00:00:00.000Z,,5928440.0,5928440.0,,25,2013-08-11T23:56:16.000Z,2024-09-24T14:59:05Z
19,Franko,FRK,franko,26,45285.30078125,45285.30078125,,2013-08-11T23:56:15.000Z,2013-06-09T00:00:00.000Z,['mineable'],"[{'name': '2781', 'price': 0.46723321, 'volume24h': 0.0, 'marketCap': 21158.79648616, 'percentChange1h': 0.18197, 'percentChange24h': 12.9418, 'percentChange7d': -20.7848, 'lastUpdated': '2013-08-11T00:00:00.000Z'}, {'name': '1', 'price': 0.00453625, 'volume24h': 0.0, 'marketCap': 205.42522382, 'percentChange1h': 0.18197, 'percentChange24h': 12.9418, 'percentChange7d': -20.7848, 'lastUpdated': '2013-08-11T12:00:00Z'}]",https://coinmarketcap.com/historical/20130811/#19,2013-06-09T00:00:00.000Z,,45285.30078125,45285.30078125,,26,2013-08-11T23:56:15.000Z,2024-09-24T14:59:05Z
15,Bytecoin,BTE,bytecoin-bte,27,927750.0,927750.0,,2013-08-11T23:56:11.000Z,2013-05-10T00:00:00.000Z,['mineable'],"[{'name': '2781', 'price': 0.0186858, 'volume24h': 0.0, 'marketCap': 17335.75010765, 'percentChange1h': 0.183761, 'percentChange24h': 9.19175, 'percentChange7d': 4.66377, 'lastUpdated': '2013-08-11T00:00:00.000Z'}, {'name': '1', 'price': 0.00018142, 'volume24h': 0.0, 'marketCap': 168.30826594, 'percentChange1h': 0.183761, 'percentChange24h': 9.19175, 'percentChange7d': 4.66377, 'lastUpdated': '2013-08-11T12:00:00Z'}]",https://coinmarketcap.com/historical/20130811/#15,2013-05-10T00:00:00.000Z,,927750.0,927750.0,,27,2013-08-11T23:56:11.000Z,2024-09-24T14:59:05Z
14,BitBar,BTB,bitbar,28,4944.95849609375,4944.95849609375,,2013-08-11T23:56:08.000Z,2013-05-09T00:00:00.000Z,['mineable'],"[{'name': '2781', 'price': 3.1500001, 'volume24h': 0.0, 'marketCap': 15576.61973428, 'percentChange1h': 0.147127, 'percentChange24h': 1.90433, 'percentChange7d': -6.72409, 'lastUpdated': '2013-08-11T00:00:00.000Z'}, {'name': '1', 'price': 0.03058253, 'volume24h': 0.0, 'marketCap': 151.22932901, 'percentChange1h': 0.147127, 'percentChange24h': 1.90433, 'percentChange7d': -6.72409, 'lastUpdated': '2013-08-11T12:00:00Z'}]",https://coinmarketcap.com/historical/20130811/#14,2013-05-09T00:00:00.000Z,,4944.95849609375,4944.95849609375,,28,2013-08-11T23:56:08.000Z,2024-09-24T14:59:05Z
43,Anoncoin,ANC,anoncoin,29,375132.8125,375132.8125,,2013-08-11T23:56:30.000Z,2013-07-15T00:00:00.000Z,['mineable'],"[{'name': '2781', 'price': 0.0399, 'volume24h': 0.0, 'marketCap': 14967.79964582, 'percentChange1h': 0.183775, 'percentChange24h': 0.784261, 'percentChange7d': -57.9941, 'lastUpdated': '2013-08-11T00:00:00.000Z'}, {'name': '1', 'price': 0.00038738, 'volume24h': 0.0, 'marketCap': 145.31845393, 'percentChange1h': 0.183775, 'percentChange24h': 0.784261, 'percentChange7d': -57.9941, 'lastUpdated': '2013-08-11T12:00:00Z'}]",https://coinmarketcap.com/historical/20130811/#43,2013-07-15T00:00:00.000Z,,375132.8125,375132.8125,,29,2013-08-11T23:56:30.000Z,2024-09-24T14:59:05Z
29,Bottlecaps,CAP,bottlecaps,30,700193.75,700193.75,,2013-08-11T23:56:17.000Z,2013-07-04T00:00:00.000Z,['mineable'],"[{'name': '2781', 'price': 0.0209979, 'volume24h': 0.0, 'marketCap': 14702.59870428, 'percentChange1h': 4.87766, 'percentChange24h': 11.2426, 'percentChange7d': -25.966, 'lastUpdated': '2013-08-11T00:00:00.000Z'}, {'name': '1', 'price': 0.00020386, 'volume24h': 0.0, 'marketCap': 142.74368731, 'percentChange1h': 4.87766, 'percentChange24h': 11.2426, 'percentChange7d': -25.966, 'lastUpdated': '2013-08-11T12:00:00Z'}]",https://coinmarketcap.com/historical/20130811/#29,2013-07-04T00:00:00.000Z,,700193.75,700193.75,,30,2013-08-11T23:56:17.000Z,2024-09-24T14:59:05Z
31,Argentum,ARG,argentum,31,392278.0,392278.0,,2013-08-11T23:56:17.000Z,2013-07-04T00:00:00.000Z,['mineable'],"[{'name': '2781', 'price': 0.03160605, 'volume24h': 0.0, 'marketCap': 12398.3574329, 'percentChange1h': 0.183765, 'percentChange24h': -12.6468, 'percentChange7d': -27.1234, 'lastUpdated': '2013-08-11T00:00:00.000Z'}, {'name': '1', 'price': 0.00030685, 'volume24h': 0.0, 'marketCap': 120.37241118, 'percentChange1h': 0.183765, 'percentChange24h': -12.6468, 'percentChange7d': -27.1234, 'lastUpdated': '2013-08-11T12:00:00Z'}]",https://coinmarketcap.com/historical/20130811/#31,2013-07-04T00:00:00.000Z,,392278.0,392278.0,,31,2013-08-11T23:56:17.000Z,2024-09-24T14:59:06Z
39,CraftCoin,CRC,craftcoin,32,93302.0,93302.0,,2013-08-11T23:56:30.000Z,2013-07-07T00:00:00.000Z,['mineable'],"[{'name': '2781', 'price': 0.1201074, 'volume24h': 0.0, 'marketCap': 11206.26039568, 'percentChange1h': -4.5015, 'percentChange24h': 16.6209, 'percentChange7d': -11.918, 'lastUpdated': '2013-08-11T00:00:00.000Z'}, {'name': '1', 'price': 0.00116609, 'volume24h': 0.0, 'marketCap': 108.79865268, 'percentChange1h': -4.5015, 'percentChange24h': 16.6209, 'percentChange7d': -11.918, 'lastUpdated': '2013-08-11T12:00:00Z'}]",https://coinmarketcap.com/historical/20130811/#39,2013-07-07T00:00:00.000Z,,93302.0,93302.0,,32,2013-08-11T23:56:30.000Z,2024-09-24T14:59:06Z
34,Bitgem,BTG,bitgem,33,18481.498046875,18481.498046875,,2013-08-11T23:56:28.000Z,2013-07-04T00:00:00.000Z,['mineable'],"[{'name': '2781', 'price': 0.58910775, 'volume24h': 0.0, 'marketCap': 10887.59376515, 'percentChange1h': 0.183768, 'percentChange24h': -8.35511, 'percentChange7d': -19.0148, 'lastUpdated': '2013-08-11T00:00:00.000Z'}, {'name': '1', 'price': 0.00571949, 'volume24h': 0.0, 'marketCap': 105.70480167, 'percentChange1h': 0.183768, 'percentChange24h': -8.35511, 'percentChange7d': -19.0148, 'lastUpdated': '2013-08-11T12:00:00Z'}]",https://coinmarketcap.com/historical/20130811/#34,2013-07-04T00:00:00.000Z,,18481.498046875,18481.498046875,,33,2013-08-11T23:56:28.000Z,2024-09-24T14:59:06Z
36,AlphaCoin,ALF,alphacoin,34,10164050.0,10164050.0,,2013-08-11T23:56:29.000Z,2013-07-07T00:00:00.000Z,['mineable'],"[{'name': '2781', 'price': 0.00105, 'volume24h': 0.0, 'marketCap': 10672.25211947, 'percentChange1h': 3.73399, 'percentChange24h': 21.9383, 'percentChange7d': -6.83896, 'lastUpdated': '2013-08-11T00:00:00.000Z'}, {'name': '1', 'price': 1.019e-05, 'volume24h': 0.0, 'marketCap': 103.61410592, 'percentChange1h': 3.73399, 'percentChange24h': 21.9383, 'percentChange7d': -6.83896, 'lastUpdated': '2013-08-11T12:00:00Z'}]",https://coinmarketcap.com/historical/20130811/#36,2013-07-07T00:00:00.000Z,,10164050.0,10164050.0,,34,2013-08-11T23:56:29.000Z,2024-09-24T14:59:06Z
38,Krugercoin,KGC,krugercoin,35,9401490.0,9401490.0,,2013-08-11T23:56:29.000Z,2013-07-07T00:00:00.000Z,['mineable'],"[{'name': '2781', 'price': 0.00100065, 'volume24h': 0.0, 'marketCap': 9407.60091434, 'percentChange1h': 0.18377, 'percentChange24h': -5.96201, 'percentChange7d': -28.1845, 'lastUpdated': '2013-08-11T00:00:00.000Z'}, {'name': '1', 'price': 9.72e-06, 'volume24h': 0.0, 'marketCap': 91.33593797, 'percentChange1h': 0.18377, 'percentChange24h': -5.96201, 'percentChange7d': -28.1845, 'lastUpdated': '2013-08-11T12:00:00Z'}]",https://coinmarketcap.com/historical/20130811/#38,2013-07-07T00:00:00.000Z,,9401490.0,9401490.0,,35,2013-08-11T23:56:29.000Z,2024-09-24T14:59:06Z
48,Lebowskis,LBW,lebowskis,36,611238.125,611238.125,,2013-08-11T23:56:34.000Z,2013-07-25T00:00:00.000Z,['mineable'],"[{'name': '2781', 'price': 0.0152586, 'volume24h': 0.0, 'marketCap': 9326.63805658, 'percentChange1h': 0.183771, 'percentChange24h': 49.5186, 'percentChange7d': 236.512, 'lastUpdated': '2013-08-11T00:00:00.000Z'}, {'name': '1', 'price': 0.00014814, 'volume24h': 0.0, 'marketCap': 90.54989075, 'percentChange1h': 0.183771, 'percentChange24h': 49.5186, 'percentChange7d': 236.512, 'lastUpdated': '2013-08-11T12:00:00Z'}]",https://coinmarketcap.com/historical/20130811/#48,2013-07-25T00:00:00.000Z,,611238.125,611238.125,,36,2013-08-11T23:56:34.000Z,2024-09-24T14:59:06Z
45,CasinoCoin,CSC,casinocoin,37,2047850.0,2047850.0,,2013-08-11T23:56:31.000Z,2018-01-16T00:00:00.000Z,,"[{'name': '2781', 'price': 0.0037443, 'volume24h': 0.0, 'marketCap': 7667.76473287, 'percentChange1h': 8.25919, 'percentChange24h': 2.87206, 'percentChange7d': -50.3888, 'lastUpdated': '2013-08-11T00:00:00.000Z'}, {'name': '1', 'price': 3.635e-05, 'volume24h': 0.0, 'marketCap': 74.44432331, 'percentChange1h': 8.25919, 'percentChange24h': 2.87206, 'percentChange7d': -50.3888, 'lastUpdated': '2013-08-11T12:00:00Z'}]",https://coinmarketcap.com/historical/20130811/#45,2018-01-16T00:00:00.000Z,,2047850.0,2047850.0,,37,2013-08-11T23:56:31.000Z,2024-09-24T14:59:06Z
50,Emerald Crypto,EMD,emerald,38,1503755.0,1503755.0,32000000.0,2013-08-11T23:56:34.000Z,2013-08-04T00:00:00.000Z,['mineable'],"[{'name': '2781', 'price': 0.0044205, 'volume24h': 0.0, 'marketCap': 6647.3486512, 'percentChange1h': -1.03856, 'percentChange24h': 17.4684, 'percentChange7d': -22.0778, 'lastUpdated': '2013-08-11T00:00:00.000Z'}, {'name': '1', 'price': 4.292e-05, 'volume24h': 0.0, 'marketCap': 64.53737033, 'percentChange1h': -1.03856, 'percentChange24h': 17.4684, 'percentChange7d': -22.0778, 'lastUpdated': '2013-08-11T12:00:00Z'}]",https://coinmarketcap.com/historical/20130811/#50,2013-08-04T00:00:00.000Z,32000000.0,1503755.0,1503755.0,,38,2013-08-11T23:56:34.000Z,2024-09-24T14:59:06Z
47,Spots,SPT,spots,39,489559.0,489559.0,,2013-08-11T23:56:32.000Z,2013-07-25T00:00:00.000Z,['mineable'],"[{'name': '2781', 'price': 0.01355865, 'volume24h': 0.0, 'marketCap': 6637.75932594, 'percentChange1h': 0.183772, 'percentChange24h': -34.0757, 'percentChange7d': 48.7659, 'lastUpdated': '2013-08-11T00:00:00.000Z'}, {'name': '1', 'price': 0.00013164, 'volume24h': 0.0, 'marketCap': 64.44427007, 'percentChange1h': 0.183772, 'percentChange24h': -34.0757, 'percentChange7d': 48.7659, 'lastUpdated': '2013-08-11T12:00:00Z'}]",https://coinmarketcap.com/historical/20130811/#47,2013-07-25T00:00:00.000Z,,489559.0,489559.0,,39,2013-08-11T23:56:32.000Z,2024-09-24T14:59:06Z
21,Memecoin,MEM,memecoin,40,25673450.0,25673450.0,,2013-08-11T23:56:16.000Z,2013-06-09T00:00:00.000Z,['mineable'],"[{'name': '2781', 'price': 0.00024109, 'volume24h': 0.0, 'marketCap': 6189.61219265, 'percentChange1h': 9.77295, 'percentChange24h': 14.8587, 'percentChange7d': -2.11911, 'lastUpdated': '2013-08-11T00:00:00.000Z'}, {'name': '1', 'price': 2.34e-06, 'volume24h': 0.0, 'marketCap': 60.09332671, 'percentChange1h': 9.77295, 'percentChange24h': 14.8587, 'percentChange7d': -2.11911, 'lastUpdated': '2013-08-11T12:00:00Z'}]",https://coinmarketcap.com/historical/20130811/#21,2013-06-09T00:00:00.000Z,,25673450.0,25673450.0,,40,2013-08-11T23:56:16.000Z,2024-09-24T14:59:06Z
46,XenCoin,XNC,xencoin,41,159515856.0,159515856.0,,2013-08-11T23:56:31.000Z,2013-07-25T00:00:00.000Z,['mineable'],"[{'name': '2781', 'price': 3.327e-05, 'volume24h': 0.0, 'marketCap': 5307.15928626, 'percentChange1h': 0.74961, 'percentChange24h': 10.9633, 'percentChange7d': -7.07718, 'lastUpdated': '2013-08-11T00:00:00.000Z'}, {'name': '1', 'price': 3.2e-07, 'volume24h': 0.0, 'marketCap': 51.52582213, 'percentChange1h': 0.74961, 'percentChange24h': 10.9633, 'percentChange7d': -7.07718, 'lastUpdated': '2013-08-11T12:00:00Z'}]",https://coinmarketcap.com/historical/20130811/#46,2013-07-25T00:00:00.000Z,,159515856.0,159515856.0,,41,2013-08-11T23:56:31.000Z,2024-09-24T14:59:06Z
51,GlobalCoin,GLC,globalcoin,42,14320700.0,14320700.0,,2013-08-11T23:56:34.000Z,2013-08-04T00:00:00.000Z,['mineable'],"[{'name': '2781', 'price': 0.0003696, 'volume24h': 0.0, 'marketCap': 5292.93059463, 'percentChange1h': 0.183768, 'percentChange24h': 5.79757, 'percentChange7d': -43.1926, 'lastUpdated': '2013-08-11T00:00:00.000Z'}, {'name': '1', 'price': 3.59e-06, 'volume24h': 0.0, 'marketCap': 51.38767948, 'percentChange1h': 0.183768, 'percentChange24h': 5.79757, 'percentChange7d': -43.1926, 'lastUpdated': '2013-08-11T12:00:00Z'}]",https://coinmarketcap.com/historical/20130811/#51,2013-08-04T00:00:00.000Z,,14320700.0,14320700.0,,42,2013-08-11T23:56:34.000Z,2024-09-24T14:59:06Z
40,StableCoin,SBC,stablecoin,43,4229055.0,4229055.0,,2013-08-11T23:56:30.000Z,2013-07-07T00:00:00.000Z,['mineable'],"[{'name': '2781', 'price': 0.00097755, 'volume24h': 0.0, 'marketCap': 4134.11293167, 'percentChange1h': 0.183776, 'percentChange24h': -10.8557, 'percentChange7d': -31.9937, 'lastUpdated': '2013-08-11T00:00:00.000Z'}, {'name': '1', 'price': 9.49e-06, 'volume24h': 0.0, 'marketCap': 40.13702173, 'percentChange1h': 0.183776, 'percentChange24h': -10.8557, 'percentChange7d': -31.9937, 'lastUpdated': '2013-08-11T12:00:00Z'}]",https://coinmarketcap.com/historical/20130811/#40,2013-07-07T00:00:00.000Z,,4229055.0,4229055.0,,43,2013-08-11T23:56:30.000Z,2024-09-24T14:59:06Z
23,Nibble,NBL,nibble,44,942154.0,942154.0,,2013-08-11T23:56:16.000Z,2013-06-14T00:00:00.000Z,['mineable'],"[{'name': '2781', 'price': 0.00420105, 'volume24h': 0.0, 'marketCap': 3958.03598298, 'percentChange1h': 0.183768, 'percentChange24h': -15.9443, 'percentChange7d': -3.11023, 'lastUpdated': '2013-08-11T00:00:00.000Z'}, {'name': '1', 'price': 4.079e-05, 'volume24h': 0.0, 'marketCap': 38.42753666, 'percentChange1h': 0.183768, 'percentChange24h': -15.9443, 'percentChange7d': -3.11023, 'lastUpdated': '2013-08-11T12:00:00Z'}]",https://coinmarketcap.com/historical/20130811/#23,2013-06-14T00:00:00.000Z,,942154.0,942154.0,,44,2013-08-11T23:56:16.000Z,2024-09-24T14:59:06Z
28,Doubloons,DBL,doubloons,45,540489.8125,540489.8125,,2013-08-11T23:56:17.000Z,2013-07-04T00:00:00.000Z,['mineable'],"[{'name': '2781', 'price': 0.005087, 'volume24h': 0.0, 'marketCap': 2749.47109294, 'percentChange1h': 4.19374, 'percentChange24h': 10.3707, 'percentChange7d': 0.684281, 'lastUpdated': '2013-08-11T00:00:00.000Z'}, {'name': '1', 'price': 4.939e-05, 'volume24h': 0.0, 'marketCap': 26.69389608, 'percentChange1h': 4.19374, 'percentChange24h': 10.3707, 'percentChange7d': 0.684281, 'lastUpdated': '2013-08-11T12:00:00Z'}]",https://coinmarketcap.com/historical/20130811/#28,2013-07-04T00:00:00.000Z,,540489.8125,540489.8125,,45,2013-08-11T23:56:17.000Z,2024-09-24T14:59:07Z
27,Hypercoin,HYC,hypercoin,46,512150.0,512150.0,,2013-08-11T12:21:16.000Z,2013-07-04T00:00:00.000Z,['mineable'],"[{'name': '2781', 'price': 0.00488748, 'volume24h': 0.0, 'marketCap': 2503.12446081, 'percentChange1h': -3.76815, 'percentChange24h': -8.71785, 'percentChange7d': 1.31629, 'lastUpdated': '2013-08-11T00:00:00.000Z'}, {'name': '1', 'price': 4.745e-05, 'volume24h': 0.0, 'marketCap': 24.30218103, 'percentChange1h': -3.76815, 'percentChange24h': -8.71785, 'percentChange7d': 1.31629, 'lastUpdated': '2013-08-11T12:00:00Z'}]",https://coinmarketcap.com/historical/20130811/#27,2013-07-04T00:00:00.000Z,,512150.0,512150.0,,46,2013-08-11T12:21:16.000Z,2024-09-24T14:59:07Z
20,Elacoin,ELC,elacoin,47,22533.33984375,22533.33984375,,2013-08-11T23:56:15.000Z,2013-06-09T00:00:00.000Z,['mineable'],"[{'name': '2781', 'price': 0.084105, 'volume24h': 0.0, 'marketCap': 1895.1665453, 'percentChange1h': 0.18377, 'percentChange24h': -7.36699, 'percentChange7d': -28.8418, 'lastUpdated': '2013-08-11T00:00:00.000Z'}, {'name': '1', 'price': 0.00081655, 'volume24h': 0.0, 'marketCap': 18.39967656, 'percentChange1h': 0.18377, 'percentChange24h': -7.36699, 'percentChange7d': -28.8418, 'lastUpdated': '2013-08-11T12:00:00Z'}]",https://coinmarketcap.com/historical/20130811/#20,2013-06-09T00:00:00.000Z,,22533.33984375,22533.33984375,,47,2013-08-11T23:56:15.000Z,2024-09-24T14:59:07Z
33,EZCoin,EZC,ezcoin,48,6466571.0,6466571.0,,2013-08-11T23:56:28.000Z,2013-07-04T00:00:00.000Z,['mineable'],"[{'name': '2781', 'price': 0.00024109, 'volume24h': 0.0, 'marketCap': 1559.02563568, 'percentChange1h': 1.76729, 'percentChange24h': 15.7603, 'percentChange7d': -8.48227, 'lastUpdated': '2013-08-11T00:00:00.000Z'}, {'name': '1', 'price': 2.34e-06, 'volume24h': 0.0, 'marketCap': 15.13617234, 'percentChange1h': 1.76729, 'percentChange24h': 15.7603, 'percentChange7d': -8.48227, 'lastUpdated': '2013-08-11T12:00:00Z'}]",https://coinmarketcap.com/historical/20130811/#33,2013-07-04T00:00:00.000Z,,6466571.0,6466571.0,,48,2013-08-11T23:56:28.000Z,2024-09-24T14:59:07Z
26,Junkcoin,JKC,junkcoin,49,6621350.0,6621350.0,,2013-08-11T16:56:21.000Z,2013-06-14T00:00:00.000Z,['mineable'],"[{'name': '2781', 'price': 0.00021853, 'volume24h': 0.0, 'marketCap': 1446.99066659, 'percentChange1h': -0.533002, 'percentChange7d': -26.2868, 'lastUpdated': '2013-08-11T00:00:00.000Z'}, {'name': '1', 'price': 2.12e-06, 'volume24h': 0.0, 'marketCap': 14.04845411, 'percentChange1h': -0.533002, 'percentChange7d': -26.2868, 'lastUpdated': '2013-08-11T12:00:00Z'}]",https://coinmarketcap.com/historical/20130811/#26,2013-06-14T00:00:00.000Z,,6621350.0,6621350.0,,49,2013-08-11T16:56:21.000Z,2024-09-24T14:59:07Z
